https://api.github.com/repos/termux/termux-api,com.termux.api
https://api.github.com/repos/thermatk/FakeGApps,com.thermatk.android.xf.fakegapps
https://api.github.com/repos/tantecky/android,cz.antecky.netswitch
https://api.github.com/repos/jereksel/Bucket,com.jereksel.libresubstratum
https://api.github.com/repos/d4rken/reddit-android-appstore,subreddit.android.appstore
https://api.github.com/repos/j4velin/SystemAppMover,de.j4velin.systemappmover
https://api.github.com/repos/LonamiWebs/Klooni1010,io.github.lonamiwebs.klooni
https://api.github.com/repos/uberspot/2048-android,com.uberspot.a2048
https://api.github.com/repos/tuxmobil/CampFahrplan,nerd.tuxmobil.fahrplan.camp
https://api.github.com/repos/tuxmobil/CampFahrplan,nerd.tuxmobil.fahrplan.congress
https://api.github.com/repos/ligi/CampFahrplan,org.ligi.fahrplan
https://api.github.com/repos/ligi/SCR,org.ligi.scr
https://api.github.com/repos/eqvinox/wifisetup,tf.nox.wifisetup
https://api.github.com/repos/EventFahrplan/EventFahrplan,info.metadude.android.congress.schedule
https://api.github.com/repos/k3b/androFotoFinder,de.k3b.android.androFotoFinder
https://api.github.com/repos/netmackan/ATimeTracker,com.markuspage.android.atimetracker
https://api.github.com/repos/jroal/a2dpvolume,a2dp.Vol
https://api.github.com/repos/aarddict/android,aarddict.android
https://api.github.com/repos/bailuk/AAT,ch.bailu.aat
https://api.github.com/repos/greenaddress/abcore,com.greenaddress.abcore
https://api.github.com/repos/ennswi/AndroidCaldavSyncAdapater,de.we.acaldav
https://api.github.com/repos/DanielBarnett714/Acastus,me.dbarnett.acastus
https://api.github.com/repos/billthefarmer/accordion,org.billthefarmer.accordion
https://api.github.com/repos/valerio-bozzolan/AcrylicPaint,anupam.acrylic
https://api.github.com/repos/ramack/ActivityDiary,de.rampro.activitydiary
https://api.github.com/repos/butzist/ActivityLauncher,de.szalkowski.activitylauncher
https://api.github.com/repos/abertschi/ad-free,ch.abertschi.adfree
https://api.github.com/repos/AdAway/AdAway,org.adaway
https://api.github.com/repos/ilijamt/android-adbm,com.matoski.adbm
https://api.github.com/repos/danielegobbetti/ICSImport,org.dgtale.icsimport
https://api.github.com/repos/DanielBarnett714/AddressToGPS,me.danielbarnett.addresstogps
https://api.github.com/repos/linux-colonel/AdminControl,com.davidshewitt.admincontrol
https://api.github.com/repos/AnderWeb/android_packages_apps_Launcher,org.adw.launcher
https://api.github.com/repos/JanSvoboda/aeonsend-randomizer,com.games.boardgames.aeonsend
https://api.github.com/repos/phora/AeonDroid,io.github.phora.aeondroid
https://api.github.com/repos/daktak/afh_downloader,org.afhdownloader
https://api.github.com/repos/FreeRDP/FreeRDP,com.freerdp.afreerdp
https://api.github.com/repos/ukanth/afwall,dev.ukanth.ufirewall
https://api.github.com/repos/achromaticmetaphor/agram,us.achromaticmetaphor.agram
https://api.github.com/repos/benjaminaigner/aiproute,systems.byteswap.aiproute
https://api.github.com/repos/pinetum/AirUnlock-for-Android,tw.qtlin.mac.airunlocker
https://api.github.com/repos/dulleh/akhyou,dulleh.akhyou.fdroid
https://api.github.com/repos/kraigs-android/kraigsandroid,com.angrydoughnuts.android.alarmclock
https://api.github.com/repos/JiriSko/amixer-webui-android,cz.jiriskorpil.amixerwebui
https://api.github.com/repos/rosenpin/AlwaysOnDisplayAmoled,com.tomer.alwayson
https://api.github.com/repos/rosenpin/AlwaysOnAmoledPlugin,tomer.com.alwaysonamoledplugin
https://api.github.com/repos/arpitkh96/AmazeFileManager,com.amaze.filemanager
https://api.github.com/repos/Dejvino/amdroid,com.sound.ampache
https://api.github.com/repos/RomanGolovanov/ametro,org.ametro
https://api.github.com/repos/rootkiwi/an2linuxclient,kiwi.root.an2linuxclient
https://api.github.com/repos/xpheres/AndroidAnalyticalTranslator,com.example.root.analyticaltranslator
https://api.github.com/repos/mjdenham/and-bible,net.bible.android.activity
https://api.github.com/repos/klassm/andFHEM,li.klass.fhem
https://api.github.com/repos/yvesf/andiodine,org.xapek.andiodine
https://api.github.com/repos/Zukero/andors-trail,com.gpl.rpg.AndorsTrail
https://api.github.com/repos/andOTP/andOTP,org.shadowice.flocke.andotp
https://api.github.com/repos/fr3ts0n/AndrOBD,com.fr3ts0n.ecu.gui.androbd
https://api.github.com/repos/BenoitDuffez/AndroidCupsPrint,io.github.benoitduffez.cupsprint
https://api.github.com/repos/iamtrk/Device-Explorer,com.iamtrk.androidexplorer
https://api.github.com/repos/markmcavoy/androidtoken,uk.co.bitethebullet.android.token
https://api.github.com/repos/daktak/androidpn-client,org.androidpn.client
https://api.github.com/repos/antlersoft/android-vnc-viewer,android.androidVNC
https://api.github.com/repos/phora/AndroPTPB,io.github.phora.androptpb
https://api.github.com/repos/tstein/AndroSS,net.tedstein.AndroSS
https://api.github.com/repos/andstatus/andstatus,org.andstatus.app
https://api.github.com/repos/HugoGresse/Anecdote,io.gresse.hugo.anecdote
https://api.github.com/repos/null-dev/animeopenings-android,gq.nulldev.animeopenings.app
https://api.github.com/repos/ankidroid/Anki-Android,com.ichi2.anki
https://api.github.com/repos/tran-khoa/ANNO1404-Warenrechner-App,de.ktran.anno1404warenrechner
https://api.github.com/repos/no-go/AnotherRSS,de.digisocken.anotherrss
https://api.github.com/repos/AntonioRedondo/AnotherMonitor,org.anothermonitor
https://api.github.com/repos/jdmonin/anstop,An.stop
https://api.github.com/repos/antennapod/AntennaPod,de.danoeh.antennapod
https://api.github.com/repos/reloZid/android-anuto,ch.logixisland.anuto
https://api.github.com/repos/helloworld1/AnyMemo,org.liberty.android.fantastischmemo
https://api.github.com/repos/AnySoftKeyboard/AnySoftKeyboard,com.menny.android.anysoftkeyboard
https://api.github.com/repos/AnySoftKeyboard/LanguagePack,com.anysoftkeyboard.languagepack.french
https://api.github.com/repos/AnySoftKeyboard/LanguagePack,com.anysoftkeyboard.languagepack.dutch
https://api.github.com/repos/AnySoftKeyboard/LanguagePack,com.anysoftkeyboard.languagepack.basque
https://api.github.com/repos/AnySoftKeyboard/LanguagePack,com.anysoftkeyboard.languagepack.brazilian
https://api.github.com/repos/AnySoftKeyboard/LanguagePack,org.herrlado.ask.languagepack.czech
https://api.github.com/repos/AnySoftKeyboard/LanguagePack,com.menny.anysoftkeyboard.finnish
https://api.github.com/repos/AnySoftKeyboard/LanguagePack,com.anysoftkeyboard.languagepack.german
https://api.github.com/repos/AnySoftKeyboard/LanguagePack,com.anysoftkeyboard.languagepack.greek
https://api.github.com/repos/AnySoftKeyboard/LanguagePack,com.anysoftkeyboard.languagepack.hebrew
https://api.github.com/repos/AnySoftKeyboard/LanguagePack,com.anysoftkeyboard.languagepack.icelandic
https://api.github.com/repos/AnySoftKeyboard/LanguagePack,com.anysoftkeyboard.languagepack.italian
https://api.github.com/repos/AnySoftKeyboard/LanguagePack,com.anysoftkeyboard.languagepack.latvian
https://api.github.com/repos/AnySoftKeyboard/LanguagePack,com.anysoftkeyboard.languagepack.macedonian
https://api.github.com/repos/kertase/neo_anysoftkeyboard,com.anysoftkeyboard.languagepack.neo
https://api.github.com/repos/AnySoftKeyboard/LanguagePack,com.anysoftkeyboard.languagepack.norwegian
https://api.github.com/repos/AnySoftKeyboard/LanguagePack,com.anysoftkeyboard.languagepack.portuguese
https://api.github.com/repos/AnySoftKeyboard/LanguagePack,com.anysoftkeyboard.languagepack.slovene
https://api.github.com/repos/AnySoftKeyboard/LanguagePack,com.anysoftkeyboard.languagepack.spain
https://api.github.com/repos/AnySoftKeyboard/LanguagePack,com.anysoftkeyboard.languagepack.swedish
https://api.github.com/repos/AnySoftKeyboard/LanguagePack,com.anysoftkeyboard.languagepack.tatar
https://api.github.com/repos/AnySoftKeyboard/LanguagePack,com.anysoftkeyboard.languagepack.ukrainian
https://api.github.com/repos/AnySoftKeyboard/LanguagePack,com.anysoftkeyboard.languagepack.russian2
https://api.github.com/repos/axxapy/apkExtractor,axp.tool.apkextractor
https://api.github.com/repos/JusticeRage/ApkTrack,fr.kwiatkowski.ApkTrack
https://api.github.com/repos/SimpleMobileTools/Simple-App-Launcher,com.simplemobiletools.applauncher
https://api.github.com/repos/microg/AppleWifiNlpBackend,org.microg.nlp.backend.apple
https://api.github.com/repos/MajeurAndroid/Applications-Info,com.majeur.applicationsinfo
https://api.github.com/repos/mpietrzak/apv,cx.hell.android.pdfview
https://api.github.com/repos/jtmcn/archwiki-viewer,com.jtmcn.archwiki.viewer
https://api.github.com/repos/jdeslip/arxiv-mobile,com.commonsware.android.arXiv
https://api.github.com/repos/dozingcat/AsciiCam,com.dozingcatsoftware.asciicam
https://api.github.com/repos/lsubel/amam-cordova,de.lsubel.amam
https://api.github.com/repos/AsteroidOS/AsteroidOSSync,org.asteroidos.sync
https://api.github.com/repos/lllllT/AtmosphereLogger,org.tamanegi.atmosphere
https://api.github.com/repos/indrora/Atomic,indrora.atomic
https://api.github.com/repos/nvllsvm/Audinaut,net.nullsum.audinaut
https://api.github.com/repos/quaap/AudioMeter,com.quaap.audiometer
https://api.github.com/repos/ReeceStevens/ut_ewh_audiometer_2014,ut.ewh.audiometrytest
https://api.github.com/repos/rascarlo/AURdroid,com.rascarlo.aurdroid
https://api.github.com/repos/tejado/Authorizer,net.tjado.passwdsafe
https://api.github.com/repos/MBach/AutoAirplaneMode,org.miamplayer.autoairplanemode
https://api.github.com/repos/adolfintel/chromiumUpdater,com.dosse.chromiumautoupdater
https://api.github.com/repos/DizzyThermal/Auto-Away,com.teamdc.stephendiniz.autoaway
https://api.github.com/repos/vvolas/Awesome-Live-Wallpaper,com.wolas.awesomewallpaper
https://api.github.com/repos/brarcher/baby-sleep-sounds,protect.babysleepsounds
https://api.github.com/repos/mdecorde/BABYNAME,fr.hnit.babyname
https://api.github.com/repos/MrBIMC/RunInBackgroundPermissionSetter,com.pavelsikun.runinbackgroundpermissionsetter
https://api.github.com/repos/SibDev/BadPixels,tk.al54.dev.badpixels
https://api.github.com/repos/scheich/Balance,de.mangelow.balance
https://api.github.com/repos/liato/android-bankdroid,com.liato.bankdroid
https://api.github.com/repos/zxing/zxing,com.google.zxing.client.android
https://api.github.com/repos/szym/barnacle,net.szym.barnacle
https://api.github.com/repos/dougkeen/BartRunnerAndroid,com.dougkeen.bart
https://api.github.com/repos/daktak/basketbuild_downloader,org.basketbuilddownloader
https://api.github.com/repos/kwantam/batsHIIT,org.jfet.batsHIIT
https://api.github.com/repos/sriharshaarangi/BatteryChargeLimit,com.slash.batterychargelimit
https://api.github.com/repos/enricocid/Battery-Live,com.enrico.earthquake.batterysimplysolid
https://api.github.com/repos/darshan-/Battery-Indicator-Free,com.darshancomputing.BatteryIndicator
https://api.github.com/repos/darshan-/Battery-Indicator-Pro,com.darshancomputing.BatteryIndicatorPro
https://api.github.com/repos/vitas/beaconloc,com.samebits.beacon.locator
https://api.github.com/repos/knirirr/BeeCount,com.knirirr.beecount
https://api.github.com/repos/VladThodo/behe-keyboard,com.vlath.keyboard
https://api.github.com/repos/VladThodo/behe-explorer,com.vlath.beheexplorer
https://api.github.com/repos/Berlin-Vegan/berlin-vegan-guide,org.berlin_vegan.bvapp
https://api.github.com/repos/javiersantos/WhatsAppBetaUpdater,com.javiersantos.whatsappbetaupdater
https://api.github.com/repos/arnef/bewegungsmelder-android,de.arnefeil.bewegungsmelder
https://api.github.com/repos/Renard1911/BaiApp,org.bienvenidoainternet.app
https://api.github.com/repos/BiglySoftware/BiglyBT-Android,com.biglybt.android.client
https://api.github.com/repos/apiote/Bimba,ml.adamsprogs.bimba
https://api.github.com/repos/GiorgioRegni/Binaural-Beats,com.ihunda.android.binauralbeat
https://api.github.com/repos/iexos/BipolAlarm,net.iexos.musicalarm
https://api.github.com/repos/SufficientlySecure/birthday-adapter,org.birthdayadapter
https://api.github.com/repos/saschpe/BirthdayCalendar,saschpe.contactevents
https://api.github.com/repos/btcontract/wallet,com.btcontract.wallet
https://api.github.com/repos/bitcoin-wallet/bitcoin-wallet,de.schildbach.wallet
https://api.github.com/repos/bitcoin-wallet/bitcoin-wallet,de.schildbach.wallet_test
https://api.github.com/repos/kenCode-de/bitshares-wallet,de.bitsharesmunich.wallet
https://api.github.com/repos/ligi/BLExplorer,org.ligi.blexplorer
https://api.github.com/repos/grote/BlitzMail,de.grobox.blitzmail
https://api.github.com/repos/vocollapse/Blockinger,org.blockinger.game
https://api.github.com/repos/blokadaorg/blokada,org.blokada.alarm
https://api.github.com/repos/scoutant/blokish,org.scoutant.blokish
https://api.github.com/repos/scoute-dich/Baumann_Theme,de.baumann.thema
https://api.github.com/repos/pipakin/Android-Bluetooth-Reprap,com.hermit.btreprap
https://api.github.com/repos/Sash0k/bluetooth-spp-terminal,ru.sash0k.bluetooth_terminal
https://api.github.com/repos/janosgyerik/bluetoothviewer,net.bluetoothviewer
https://api.github.com/repos/kenkendk/android-bluez-ime,com.hexad.bluezime
https://api.github.com/repos/ghisguth/sunlight,cxa.lineswallpaper
https://api.github.com/repos/zikalify/BMI_Calculator,com.zola.bmi
https://api.github.com/repos/bobthekingofegypt/BobBall,org.bobstuff.bobball
https://api.github.com/repos/drpout/boilr,mobi.boilr.boilr
https://api.github.com/repos/beide/Bomber-for-android,org.beide.bomber
https://api.github.com/repos/JohnMH/BoogDroid,me.johnmh.boogdroid
https://api.github.com/repos/eleybourn/Book-Catalogue,com.eleybourn.bookcatalogue
https://api.github.com/repos/charlieCollins/and-bookworm,com.totsp.bookworm
https://api.github.com/repos/quaap/BookyMcBookface,com.quaap.bookymcbookface
https://api.github.com/repos/abrensch/brouter,btools.routingapp
https://api.github.com/repos/nkanaev/bubble,com.nkanaev.comics
https://api.github.com/repos/avianey/Level,net.androgames.level
https://api.github.com/repos/notriddle/budget-envelopes,com.notriddle.budget
https://api.github.com/repos/brarcher/budget-watch,protect.budgetwatch
https://api.github.com/repos/alexghr/bulkshare,me.alexghr.bulkshare.android.app2
https://api.github.com/repos/meefik/busybox,ru.meefik.busybox
https://api.github.com/repos/c3nav/c3nav-android/,de.c3nav.droid
https://api.github.com/repos/guardianproject/cacert,info.guardianproject.cacert
https://api.github.com/repos/Frozen-Developers/android-cache-cleaner,com.frozendevs.cache.cleaner
https://api.github.com/repos/otaconix/caffeinetile,info.zwanenburg.caffeinetile
https://api.github.com/repos/SimpleMobileTools/Simple-Calculator,com.simplemobiletools.calculator
https://api.github.com/repos/Xlythe/android_packages_apps_Calculator,com.xlythe.calculator.material
https://api.github.com/repos/Xlythe/android_packages_apps_Calculator,com.android2.calculator3
https://api.github.com/repos/SimpleMobileTools/Simple-Calendar,com.simplemobiletools.calendar
https://api.github.com/repos/pascalfree/calendar-color,ch.ihdg.calendarcolor
https://api.github.com/repos/k3b/CalendarIcsAdapter,de.k3b.android.calendar.ics.adapter
https://api.github.com/repos/SufficientlySecure/calendar-import-export,org.sufficientlysecure.ical
https://api.github.com/repos/quarck/CalendarNotification,com.github.quarck.calnotify
https://api.github.com/repos/rparkins999/CalendarTrigger,uk.co.yahoo.p1rpp.calendartrigger
https://api.github.com/repos/plusonelabs/calendar-widget,com.plusonelabs.calendar
https://api.github.com/repos/citiususc/calendula,es.usc.citius.servando.calendula
https://api.github.com/repos/renyuneyun/CamCov,ryey.camcov
https://api.github.com/repos/SimpleMobileTools/Simple-Camera,com.simplemobiletools.camera
https://api.github.com/repos/kollerlukas/Camera-Roll-Android-App,us.koller.cameraroll
https://api.github.com/repos/dozingcat/CamTimer,com.dozingcatsoftware.cameratimer
https://api.github.com/repos/tube42/candymem,se.tube42.kidsmem.android
https://api.github.com/repos/capitoledulibre/cdl-companion-android,org.toulibre.capitoledulibre
https://api.github.com/repos/jsparber/CaptivePortalAutologin/,com.juliansparber.captiveportallogin
https://api.github.com/repos/bherrmann7/Car-Cast,com.jadn.cc
https://api.github.com/repos/luarca84/Caramelos,com.dfzlv.gjjlt.caramelos
https://api.github.com/repos/agateau/cat-avatar-generator-app,com.agateau.catgenerator
https://api.github.com/repos/Bubu/android-dice-game,com.ridgelineapps.resdicegame
https://api.github.com/repos/bpeel/catverbs,uk.co.busydoingnothing.catverbs
https://api.github.com/repos/netmackan/CertTools,com.markuspage.android.certtools
https://api.github.com/repos/grzegorznittner/chanu,com.chanapps.four.activity
https://api.github.com/repos/kostmo/chartdroid,com.googlecode.chartdroid
https://api.github.com/repos/mathisdt/checknetwork,org.zephyrsoft.checknetwork
https://api.github.com/repos/guardianproject/checkey,info.guardianproject.checkey
https://api.github.com/repos/gsantner/cherrymusic-android,de.live.gdev.cherrymusic
https://api.github.com/repos/raatmarien/chibe,com.jmstudios.chibe
https://api.github.com/repos/dkanada/Chip8,com.dkanada.chip
https://api.github.com/repos/pmarks-net/chromadoze,net.pmarks.chromadoze
https://api.github.com/repos/bamless/chromium-swe-updater,chromiumupdater.bamless.com.chromiumsweupdater
https://api.github.com/repos/nathan-osman/chronosnap,com.nathanosman.chronosnap
https://api.github.com/repos/rmceoin/cidrcalculator,us.lindanrandy.cidrcalculator
https://api.github.com/repos/CityZenApp/Android-Development,com.cityzen.cityzen
https://api.github.com/repos/emmaguy/clean-status-bar,com.emmaguy.cleanstatusbar
https://api.github.com/repos/douzifly/clear-todolist,douzifly.list
https://api.github.com/repos/clementine-player/Android-Remote,de.qspool.clementineremote
https://api.github.com/repos/heruoxin/Clip-Stack,com.catchingnow.tinyclipboardmanager
https://api.github.com/repos/SimpleMobileTools/Simple-CLock,com.simplemobiletools.clock
https://api.github.com/repos/WeAreFairphone/android_packages_apps_ClockWidget,community.fairphone.clock
https://api.github.com/repos/philliphsu/ClockPlus,com.philliphsu.clock2
https://api.github.com/repos/Floens/Clover,org.floens.chan
https://api.github.com/repos/jatwigg/cmus-android-remote,com.joshtwigg.cmus.droid
https://api.github.com/repos/enricocid/Color-picker-library,com.enrico.sample
https://api.github.com/repos/TodorBalabanov/ColorsOverflow,eu.veldsoft.colors.overflow
https://api.github.com/repos/mschlauch/comfortreader,com.mschlauch.comfortreader
https://api.github.com/repos/commons-app/apps-android-commons,fr.free.nrw.commons
https://api.github.com/repos/CommonsLab/CommonsLab,com.commonslab.commonslab
https://api.github.com/repos/CommonsLab/CommonsLab,org.wikimedia.commons.wikimedia
https://api.github.com/repos/MiCode/Compass,net.micode.compass
https://api.github.com/repos/gsimon75/compass-keyboard,org.dyndns.fules.ck
https://api.github.com/repos/TodorBalabanov/Complica4,eu.veldsoft.complica4
https://api.github.com/repos/quaap/ComputationalDemonology,com.quaap.computationaldemonology
https://api.github.com/repos/leonardoraele/concurseiro,raele.concurseiro
https://api.github.com/repos/connectbot/connectbot,org.connectbot
https://api.github.com/repos/SimpleMobileTools/Simple-Contacts,com.simplemobiletools.contacts
https://api.github.com/repos/k3b/ContentProviderHelper,de.k3b.android.contentproviderhelper
https://api.github.com/repos/siacs/Conversations,eu.siacs.conversations
https://api.github.com/repos/siacs/Conversations,eu.siacs.conversations.legacy
https://api.github.com/repos/johanhil/copy-to-clipboard,se.johanhil.clipboard
https://api.github.com/repos/sergstetsuk/CosyDVR,es.esy.CosyDVR
https://api.github.com/repos/gentlecat/Simple-Counter/,me.tsukanov.counter
https://api.github.com/repos/TheUberCatman/crates-io-android,com.bmco.cratesiounofficial
https://api.github.com/repos/CriticalMaps/criticalmaps-android,de.stephanlindauer.criticalmaps
https://api.github.com/repos/alaskalinuxuser/app_critical_velocity,com.alaskalinuxuser.criticalvelocity
https://api.github.com/repos/faerbit/android-crond,it.faerb.crond
https://api.github.com/repos/billthefarmer/crossword,org.billthefarmer.crossword
https://api.github.com/repos/nelenkov/cryptfs-password-manager,org.nick.cryptfs.passwdmanager
https://api.github.com/repos/arkon/CDFLabs,me.echeung.cdflabs
https://api.github.com/repos/cSploit/android,org.csploit.android
https://api.github.com/repos/paride/CopperPDF,org.ninthfloor.copperpdf
https://api.github.com/repos/billthefarmer/currency,org.billthefarmer.currency
https://api.github.com/repos/gstraube/cythara,com.github.cythara
https://api.github.com/repos/h42i/d00r-app,com.hasi.hasid00r
https://api.github.com/repos/nutritionfactsorg/daily-dozen-android,org.nutritionfacts.dailydozen
https://api.github.com/repos/Diaspora-for-Android/dandelion,com.github.dfa.diaspora_android
https://api.github.com/repos/DecentralizedAmateurPagingNetwork/DAPNETApp,de.hampager.dapnetmobile
https://api.github.com/repos/takke/DataStats,jp.takke.datastats
https://api.github.com/repos/rosenpin/DBZ-Battery-Widget,com.tomer.dbz.widget
https://api.github.com/repos/czlee/debatekeeper,net.czlee.debatekeeper
https://api.github.com/repos/scheich/debDroid,de.mangelow.debdroid
https://api.github.com/repos/lucasdnd/decimal-clock-widget,com.lucasdnd.decimaltimeclockwidget
https://api.github.com/repos/HassanHeydariNasab/defendo,ir.hsn6.defendo
https://api.github.com/repos/deltachat/deltachat-android,com.b44t.messenger
https://api.github.com/repos/fenimore/DemocracyDroid,com.workingagenda.democracydroid
https://api.github.com/repos/Natureshadow/Zahnarztgeraeusche,de.naturalnet.zahnarztgeraeusche
https://api.github.com/repos/asnelt/derandom,org.asnelt.derandom
https://api.github.com/repos/polypmer/devinettes-android,com.workingagenda.devinettes
https://api.github.com/repos/matejdro/PebbleDialer-Android,com.matejdro.pebbledialer
https://api.github.com/repos/billthefarmer/diary,org.billthefarmer.diary
https://api.github.com/repos/voidcode/Diaspora-Webclient,com.voidcode.diasporawebclient
https://api.github.com/repos/javierllorente/adc,com.javierllorente.adc
https://api.github.com/repos/SecUSo/privacy-friendly-dice-game,org.secuso.privacyfriendlyyahtzeedicer
https://api.github.com/repos/SecUSo/privacy-friendly-dicer,org.secuso.privacyfriendlydicer
https://api.github.com/repos/giraffine/Android-Project,giraffine.dimmer
https://api.github.com/repos/zagaberoo/diode,in.shick.diode
https://api.github.com/repos/renancunha33/diolinux_webapp2,com.fullscreen
https://api.github.com/repos/veniosg/Dir,com.veniosg.dir
https://api.github.com/repos/herverenault/DirectDictaphone,fr.herverenault.directdictaphone
https://api.github.com/repos/pR0Ps/DisableBatteryWarnings,ca.cmetcalfe.xposed.disablebatterywarnings
https://api.github.com/repos/IvanVolosyuk/diskusage,com.google.android.diskusage
https://api.github.com/repos/obale/divedroid,to.networld.android.divedroid
https://api.github.com/repos/otakuchiyan/DNSman,io.github.otakuchiyan.dnsman
https://api.github.com/repos/julian-klode/dns66,org.jak_linux.dns66
https://api.github.com/repos/yassirh/digital-ocean-swimmer,com.yassirh.digitalocean
https://api.github.com/repos/SufficientlySecure/document-viewer,org.sufficientlysecure.viewer
https://api.github.com/repos/quaap/DodaTheExploda,com.quaap.dodatheexploda
https://api.github.com/repos/dolphin-emu/dolphin,org.dolphinemu.dolphinemu
https://api.github.com/repos/domogik/domodroid,org.domogik.domodroid13
https://api.github.com/repos/dbravender/korean_conjugation,us.bravender.android.dongsa
https://api.github.com/repos/agwells/dotdash-keyboard-android,net.iowaline.dotdash
https://api.github.com/repos/SimpleMobileTools/Simple-Draw,com.simplemobiletools.draw
https://api.github.com/repos/amasciul/Drinks,fr.masciulli.drinks
https://api.github.com/repos/rastating/DroidBeard,com.rastating.droidbeard
https://api.github.com/repos/peterosterlund2/droidfish,org.petero.droidfish
https://api.github.com/repos/ltGuillaume/DroidShows,nl.asymmetrics.droidshows
https://api.github.com/repos/yashima/droidweight,de.delusions.measure
https://api.github.com/repos/alkom/droidzebra,com.shurik.droidzebra
https://api.github.com/repos/tube42/drumon,se.tube42.drum.android
https://api.github.com/repos/ciubex/dscautorename,ro.ciubex.dscautorename
https://api.github.com/repos/daneren2005/Subsonic,github.daneren2005.dsub
https://api.github.com/repos/mobimentum/dualsimreminder,it.mobimentum.dualsimwidget
https://api.github.com/repos/johanhil/ddg-android,se.johanhil.duckduckgo
https://api.github.com/repos/duckduckgo/Android,com.duckduckgo.mobile.android
https://api.github.com/repos/yeriomin/DumbphoneAssistant,com.github.yeriomin.dumbphoneassistant
https://api.github.com/repos/fralik/Duorem,com.vadimfrolov.duorem
https://api.github.com/repos/quaddy-services/DynamicNightLight,de.quaddyservices.dynamicnightlight
https://api.github.com/repos/shymmq/librus-client-kotlin,com.wabadaba.dziennik
https://api.github.com/repos/n76/DejaVu,org.fitchfamily.android.dejavu
https://api.github.com/repos/pklinken/Earmouse,pk.contender.earmouse
https://api.github.com/repos/renyuneyun/Easer,ryey.easer
https://api.github.com/repos/T-Rex96/Easy_xkcd,de.tap.easy_xkcd
https://api.github.com/repos/Alkarex/EasyRSS,org.freshrss.easyrss
https://api.github.com/repos/mafik/echo,eu.mrogalski.saidit
https://api.github.com/repos/billthefarmer/editor,org.billthefarmer.editor
https://api.github.com/repos/MyIgel/EH17Fahrplan,name.myigel.fahrplan.eh17
https://api.github.com/repos/ultramega/elementary,com.ultramegatech.ey
https://api.github.com/repos/m0ppers/ElpeEfpeAndroid,koeln.mop.elpeefpe
https://api.github.com/repos/HenriDellal/emerald,ru.henridellal.emerald
https://api.github.com/repos/subchannel13/EnchantedFortress,hr.kravarscan.enchantedfortress
https://api.github.com/repos/hypeapps/Endoscope,pl.hypeapp.endoscope
https://api.github.com/repos/vanitasvitae/EnigmAndroid,de.vanitasvitae.enigmandroid
https://api.github.com/repos/Nutomic/ensichat,com.nutomic.ensichat
https://api.github.com/repos/pR0Ps/Entrust-IdentityGuard-Unblocker,ca.pr0ps.xposed.entrustunblocker
https://api.github.com/repos/mannd/epmobile,org.epstudios.epmobile
https://api.github.com/repos/jamienicol/episodes,org.jamienicol.episodes
https://api.github.com/repos/EvanRespaut/Equate,com.llamacorp.equate
https://api.github.com/repos/clemensbartz/essential-launcher,de.clemensbartz.android.launcher
https://api.github.com/repos/Etar-Group/Etar-Calendar,ws.xsoh.etar
https://api.github.com/repos/RCasatta/EternityWallAndroid,it.eternitywall.eternitywall
https://api.github.com/repos/etesync/android,com.etesync.syncadapter
https://api.github.com/repos/e-venement/eve-control,com.evenement.encapsulation
https://api.github.com/repos/e-venement/eve-control,fr.librinfo.evecontrol2
https://api.github.com/repos/Yonjuni/ExaltedDicer,de.pinyto.exalteddicer
https://api.github.com/repos/Exodus-Privacy/exodus-android-app,org.eu.exodus_privacy.exodusprivacy
https://api.github.com/repos/gianluca-nitti/android-expr-eval,com.github.gianlucanitti.expreval
https://api.github.com/repos/kost/external-ip,org.kost.externalip
https://api.github.com/repos/mbmb5/Eylca,mbmb5.lumixextendedcontrolapp
https://api.github.com/repos/indywidualny/FaceSlim,org.indywidualni.fblite
https://api.github.com/repos/gabm/FancyPlaces,com.gabm.fancyplaces
https://api.github.com/repos/ligi/FAST,org.ligi.fast
https://api.github.com/repos/Free-Software-for-Android/FasterGPS,org.fastergps
https://api.github.com/repos/thermatk/FastHub-Libre,com.fastaccess.github.libre
https://api.github.com/repos/ScreamingHawk/fate-sheets,link.standen.michael.fatesheets
https://api.github.com/repos/sebastianrakel/fb-client-android,eu.devunit.fb_client
https://api.github.com/repos/geometer/FBReaderJ,org.geometerplus.zlibrary.ui.android
https://api.github.com/repos/SimpleMobileTools/Simple-File-Manager,com.simplemobiletools.filemanager
https://api.github.com/repos/zouroboros/filmchecker,me.murks.filmchecker
https://api.github.com/repos/M66B/FineGeotag,eu.faircode.finegeotag
https://api.github.com/repos/mozilla-mobile/focus-android,org.mozilla.klar
https://api.github.com/repos/TodorBalabanov/FishRingsForAndroid,eu.veldsoft.fish.rings
https://api.github.com/repos/polypmer/fissure-android,com.workingagenda.fissure
https://api.github.com/repos/SimpleMobileTools/Simple-Flashlight,com.simplemobiletools.flashlight
https://api.github.com/repos/pR0Ps/FlatConnectivityIcons,ca.cmetcalfe.xposed.flatconnectivityicons
https://api.github.com/repos/danielmeek32/FlexibleWallpaper,daniel_32.flexiblewallpaper
https://api.github.com/repos/happyalu/Flite-TTS-Engine-for-Android,edu.cmu.cs.speech.tts.flite
https://api.github.com/repos/renyuneyun/FLock,ryey.flock
https://api.github.com/repos/FredJul/Flym,net.fred.feedex
https://api.github.com/repos/gjedeer/androidwisprclient,com.oakley.fon
https://api.github.com/repos/elboza/footguy,com.iazasoft.footguy
https://api.github.com/repos/martykan/forecastie,cz.martykan.forecastie
https://api.github.com/repos/jonan/ForkHub,jp.forkhub
https://api.github.com/repos/slartus/4pdaClient-plus,org.softeg.slartus.forpdaplus
https://api.github.com/repos/khertan/ForRunners,net.khertan.forrunners
https://api.github.com/repos/316k/android-fortune,org.legtux.m_316k.fortune
https://api.github.com/repos/cbeyls/fosdem-companion-android,be.digitalia.fosdem
https://api.github.com/repos/fossasia/open-event-android,org.fossasia.openevent
https://api.github.com/repos/gilbsgilbs/freemobilenetstat,org.pixmob.freemobile.netstat
https://api.github.com/repos/shlusiak/Freebloks-Android,de.saschahlusiak.freebloks
https://api.github.com/repos/freeminer/freeminer,org.freeminer.freeminer
https://api.github.com/repos/freeotp/freeotp-android,org.fedorahosted.freeotp
https://api.github.com/repos/helloworld1/FreeOTPPlus,org.liberty.android.freeotpplus
https://api.github.com/repos/knilch0r/freeshisen,de.cwde.freeshisen
https://api.github.com/repos/WIStudent/FreifunkAutoConnectApp,com.example.tobiastrumm.freifunkautoconnect
https://api.github.com/repos/caarmen/FRCAndroidWidget,ca.rmen.android.frenchcalendar
https://api.github.com/repos/dkanada/frost,com.dkanada.icecons
https://api.github.com/repos/videogameboy76/frozenbubbleandroid,org.jfedor.frozenbubble
https://api.github.com/repos/videogameboy76/FBEditPlus,sk.halmi.fbeditplus
https://api.github.com/repos/ppareit/swiftp,be.ppareit.swiftp_free
https://api.github.com/repos/no-go/FunPhonePuppet,click.dummer.funphonepuppet
https://api.github.com/repos/jp-bennett/fwknop2,org.cipherdyne.fwknop2
https://api.github.com/repos/scoute-dich/browser,de.baumann.browser
https://api.github.com/repos/Freeyourgadget/Gadgetbridge,nodomain.freeyourgadget.gadgetbridge
https://api.github.com/repos/murraycu/android-galaxyzoo,com.murrayc.galaxyzoo.app
https://api.github.com/repos/SimpleMobileTools/Simple-Gallery,com.simplemobiletools.gallery
https://api.github.com/repos/tobykurien/GoogleNews,com.tobykurien.google_news
https://api.github.com/repos/mridang/gasflow,com.mridang.speedo
https://api.github.com/repos/urandom/gearshift,org.sugr.gearshift
https://api.github.com/repos/zeldin/Gerberoid,se.pp.mc.android.Gerberoid
https://api.github.com/repos/seguri/GetForegroundActivity,name.seguri.android.getforegroundactivity
https://api.github.com/repos/ruleant/getback_gps,com.github.ruleant.getback_gps
https://api.github.com/repos/andDevW/getChromium,com.anddevw.getchromium
https://api.github.com/repos/rfc2822/GfxTablet,at.bitfire.gfxtablet
https://api.github.com/repos/brarcher/gift-card-guard,protect.gift_card_guard
https://api.github.com/repos/Wilm0r/giggity,net.gaast.giggity
https://api.github.com/repos/mariotaku/imageviewer-gl,org.mariotaku.imageviewergl
https://api.github.com/repos/restorer/gloomy-dungeons-2,org.zamedev.gloomydungeons2.opensource
https://api.github.com/repos/linuxtage/glt-companion,at.linuxtage.companion
https://api.github.com/repos/Glucosio/android,org.glucosio.android
https://api.github.com/repos/ge0rg/gamemasterdice,de.duenndns.gmdice
https://api.github.com/repos/ligi/gobandroid,org.ligi.gobandroid_hd
https://api.github.com/repos/qqq3/good-weather,org.asdtm.goodweather
https://api.github.com/repos/evgenyzinoviev/gravitydefied,org.happysanta.gd
https://api.github.com/repos/greenaddress/GreenBits,com.greenaddress.greenbits_android_wallet
https://api.github.com/repos/greenaddress/GreenBits,com.greenaddress.greenbits_android_wallet.testnet
https://api.github.com/repos/gabrielelucci/greyscale-cmte   ,it.lucci.cm.greyscaletheme
https://api.github.com/repos/wbrenna/GTFSOffline,com.wbrenna.gtfsoffline
https://api.github.com/repos/zxalexis/guess,ru.zxalexis.ugaday
https://api.github.com/repos/mo271/guessaday,com.goltzkiste.guessaday
https://api.github.com/repos/tasomaniac/hackdash,com.tasomaniac.dashclock.hackerspace.floss
https://api.github.com/repos/klausw/hackerskeyboard,org.pocketworkstation.pckeyboard
https://api.github.com/repos/atd/HandyNotes,net.tapi.handynotes
https://api.github.com/repos/corcoran/Hangar,ca.mimic.apphangar
https://api.github.com/repos/haha01haha01/HaRail_Android,com.haha01haha01.harail
https://api.github.com/repos/kodejak/Hashr,de.kodejak.hashr
https://api.github.com/repos/seizonsenryaku/HayaiLauncher,com.hayaisoftware.launcher
https://api.github.com/repos/cryptofuture/urlhda-android,me.hda.urlhda
https://api.github.com/repos/vanilla-music/vanilla-headphone-detector,ch.blinkenlights.android.vanillaplug
https://api.github.com/repos/cweiske/headphoneindicator,de.cweiske.headphoneindicator
https://api.github.com/repos/borneq/HereGPSLocation,com.borneq.heregpslocation
https://api.github.com/repos/SoupeauCaillou/heriswap,net.damsy.soupeaucaillou.heriswap
https://api.github.com/repos/jajasuperman/HexColorTime,com.eneko.hexcolortimewallpaper
https://api.github.com/repos/scoute-dich/HHSMoodle,de.baumann.hhsmoodle
https://api.github.com/repos/manmal/hn-android,com.manuelmaly.hn
https://api.github.com/repos/queler/holokenmod,com.holokenmod
https://api.github.com/repos/Maxr1998/home-assistant-Android,io.homeassistant.android
https://api.github.com/repos/HopEdia/android-client,io.github.hopedia
https://api.github.com/repos/jpriebe/hotdeath,com.smorgasbork.hotdeath
https://api.github.com/repos/alaskalinuxuser/app_hourglass,com.alaskalinuxuser.hourglass
https://api.github.com/repos/derekcsm/hubble_gallery,com.derek_s.hubble_gallery
https://api.github.com/repos/kostmo/android-spiral-wallpaper,com.kostmo.wallpaper.spiral
https://api.github.com/repos/i2p,net.i2p.android.router
https://api.github.com/repos/1C3/ICEcons,ovh.ice.icecons
https://api.github.com/repos/jonatkins/ingress-intel-total-conversion,com.cradle.iitc_mobile
https://api.github.com/repos/nbenm/ImapNote2,com.Pau.ImapNotes2
https://api.github.com/repos/itprojects/InboxPager,net.inbox.pager
https://api.github.com/repos/x1125/initd-light,x1125io.initdlight
https://api.github.com/repos/k3b/intent-intercept,de.k3b.android.intentintercept
https://api.github.com/repos/intrications/intent-intercept,uk.co.ashtonbrsc.android.intentintercept
https://api.github.com/repos/smblott-github/intent_radio,org.smblott.intentradio
https://api.github.com/repos/flyve-mdm/android-inventory-agent/,org.flyve.inventory.agent
https://api.github.com/repos/salvadorp2001/Inventory_Taker,nodom.darkfm.inventoryguimobile
https://api.github.com/repos/qqq3/inventum,org.asdtm.fas
https://api.github.com/repos/ligi/IPFSDroid,org.ligi.ipfsdroid
https://api.github.com/repos/irssiconnectbot/irssiconnectbot,org.woltage.irssiconnectbot
https://api.github.com/repos/seguri/IsPhoneEncrypted,name.seguri.android.isphoneencrypted
https://api.github.com/repos/TodorBalabanov/IthakaBoardGame,eu.veldsoft.ithaka.board.game
https://api.github.com/repos/enricocid/lffl-feed-reader,com.iven.lfflfeedreader
https://api.github.com/repos/richardchien/jigsaw-android,im.r_c.android.jigsaw
https://api.github.com/repos/telecapoland/jamendo-android,com.teleca.jamendo
https://api.github.com/repos/aragaer/jtt_android,com.aragaer.jtt
https://api.github.com/repos/jannispinter/jaws,is.pinterjann.jaws
https://api.github.com/repos/marunjar/anewjkuapp,org.voidsink.anewjkuapp
https://api.github.com/repos/JTechMe/JumpGo,com.jtechme.jumpgo
https://api.github.com/repos/jarofgreen/Just-A-Damn-Compass,uk.co.jarofgreen.JustADamnCompass
https://api.github.com/repos/alaskalinuxuser/app_justcraigslist,com.alaskalinuxuser.justcraigslist
https://api.github.com/repos/alaskalinuxuser/app_justnotes,com.alaskalinuxuser.justnotes
https://api.github.com/repos/veniosg/JustSearch,co.pxhouse.sas
https://api.github.com/repos/k9mail/k-9,com.fsck.k9
https://api.github.com/repos/HassanHeydariNasab/k2,ir.hsn6.k2
https://api.github.com/repos/scoute-dich/K9-MailClient,com.fsck.k9.material
https://api.github.com/repos/prrt714/Kaleidoscope,vnd.blueararat.kaleidoscope6
https://api.github.com/repos/jorgecastillo/KanaDrill,com.jorgecastillo.kanadrill
https://api.github.com/repos/andresth/Kandroid,in.andres.kandroid
https://api.github.com/repos/blastrock/kaqui,org.kaqui
https://api.github.com/repos/Kunzisoft/KeePassDX,com.kunzisoft.keepass.libre
https://api.github.com/repos/bpellin/keepassdroid,com.android.keepass
https://api.github.com/repos/NHellFire/KernelAdiutor,com.nhellfire.kerneladiutor
https://api.github.com/repos/aario/killcamera,info.aario.killcamera
https://api.github.com/repos/gsantner/kimai-android,de.live.gdev.timetracker
https://api.github.com/repos/Neamar/KISS,fr.neamar.kiss
https://api.github.com/repos/kiwix/kiwix,org.kiwix.kiwixmobile
https://api.github.com/repos/konradrenner/kolabnotes-android,org.kore.kolabnotes.android
https://api.github.com/repos/kontalk/androidclient,org.kontalk
https://api.github.com/repos/xbmc/Kore,org.xbmc.kore
https://api.github.com/repos/blurpy/kouchat-android,net.usikkert.kouchat.android
https://api.github.com/repos/poseidn/KungFoo,com.onetwofivegames.kungfoobarracuda
https://api.github.com/repos/ninelima/kwikEFIS,player.efis.data.eur.rus
https://api.github.com/repos/ninelima/kwikEFIS,player.efis.data.pan.arg
https://api.github.com/repos/ninelima/kwikEFIS,player.efis.data.sah.jap
https://api.github.com/repos/ninelima/kwikEFIS,player.efis.data.usa.can
https://api.github.com/repos/ninelima/kwikEFIS,player.efis.data.zar.aus
https://api.github.com/repos/ninelima/kwikEFIS,player.efis.mfd
https://api.github.com/repos/ninelima/kwikEFIS,player.efis.pfd
https://api.github.com/repos/aroblu94/langolonerd_android,it.langolonerd.app
https://api.github.com/repos/nilesr/United4,com.angryburg.uapp
https://api.github.com/repos/ibinshoid/LASKmobile,com.rfo.basic
https://api.github.com/repos/quaap/LaunchTime,com.quaap.launchtime
https://api.github.com/repos/LawnchairLauncher/Lawnchair,ch.deletescape.lawnchair.plah
https://api.github.com/repos/0iras0r/ils-companion-android,it.linuxday.torino
https://api.github.com/repos/HoraApps/LeafPic,org.horaapps.leafpic
https://api.github.com/repos/lexica/lexica,com.serwylo.lexica
https://api.github.com/repos/cgogolin/library,com.cgogolin.library
https://api.github.com/repos/foocorp/gnu-fm,fm.libre.droid
https://api.github.com/repos/milesmcc/LibreNews-Android,app.librenews.io.librenews
https://api.github.com/repos/biotinker/LibreTasks/,libretasks.app
https://api.github.com/repos/proninyaroslav/libretorrent,org.proninyaroslav.libretorrent
https://api.github.com/repos/tryton-vanmeer/LibreTrivia,io.github.trytonvanmeer.libretrivia
https://api.github.com/repos/foxykeep/lifecounter,com.foxykeep.lifecounter
https://api.github.com/repos/MarcelJurtz/MTG_LifeCounter,com.marceljurtz.lifecounter
https://api.github.com/repos/anthonycr/Lightning-Browser,acr.browser.lightning
https://api.github.com/repos/ghisguth/sunlight,cxa.gridwallpaper
https://api.github.com/repos/felixwiemuth/LinCal,felixwiemuth.lincal
https://api.github.com/repos/DocSalvi/LinuxDayAppAndroid,it.mn.salvi.linuxDayOSM
https://api.github.com/repos/onyxbits/listmyaps,de.onyxbits.listmyapps
https://api.github.com/repos/LISTEN-moe/android-app,me.echeung.moemoekyun.fdroid
https://api.github.com/repos/kaputnikGo/LittleSirEcho,com.cityfreqs.littlesirecho
https://api.github.com/repos/michaelachmann/LnkShortener,de.hirtenstrasse.michael.lnkshortener
https://api.github.com/repos/n76/Local-GSM-Backend,org.fitchfamily.android.gsmlocation
https://api.github.com/repos/n76/wifi_backend,org.fitchfamily.android.wifi_backend
https://api.github.com/repos/k3b/locationMapViewer,de.k3b.android.locationMapViewer
https://api.github.com/repos/pR0Ps/LocationShare,ca.cmetcalfe.locationshare
https://api.github.com/repos/seguri/lock,name.seguri.android.lock
https://api.github.com/repos/tananaev/rootless-logcat,com.tananaev.logcat
https://api.github.com/repos/darshanparajuli/LogcatReader,com.dp.logcatapp
https://api.github.com/repos/LukeStonehm/LogicalDefence,za.co.lukestonehm.logicaldefence
https://api.github.com/repos/iSoron/uhabits,org.isoron.uhabits
https://api.github.com/repos/brarcher/loyalty-card-locker,protect.card_locker
https://api.github.com/repos/opentelecoms-org/lumicall,org.lumicall.android
https://api.github.com/repos/manuelsc/Lunary-Ethereum-Wallet,com.rehanced.lunary
https://api.github.com/repos/shkcodes/Lyrically,com.shkmishra.lyrically
https://api.github.com/repos/gateship-one/malp,org.gateshipone.malp
https://api.github.com/repos/ratmole/Mach3Pendant,gr.ratmole.android.Mach3Pendant
https://api.github.com/repos/Adonai/Man-Man,com.adonai.manman
https://api.github.com/repos/falnatsheh/MarkdownView,us.feras.mdv.demo
https://api.github.com/repos/gsantner/markor,net.gsantner.markor
https://api.github.com/repos/stom79/mastalab,fr.gouv.etalab.mastodon
https://api.github.com/repos/BijoySingh/Material-Notes-Android-App,com.bijoysingh.quicknote
https://api.github.com/repos/ligi/MaterialTeaTimer,org.ligi.materialteatimer
https://api.github.com/repos/ZeeRooo/MaterialFBook,me.zeeroooo.materialfb
https://api.github.com/repos/hidroh/materialistic,io.github.hidroh.materialistic
https://api.github.com/repos/materialos/CM12-Theme,com.materialos.cm.theme
https://api.github.com/repos/icasdri/Mather,org.icasdri.mather
https://api.github.com/repos/chelovek84/mBrowser,am.zoom.mbrowser
https://api.github.com/repos/JohnLines/mediclog,org.paladyn.mediclog
https://api.github.com/repos/billthefarmer/melodeon,org.billthefarmer.melodeon
https://api.github.com/repos/yaa110/Memento,github.yaa110.memento
https://api.github.com/repos/gsantner/memetastic,io.github.gsantner.memetastic
https://api.github.com/repos/SecUSo/privacy-friendly-memo-game,org.secuso.privacyfriendlymemory
https://api.github.com/repos/androidsoft-org/androidsoft-memory,org.androidsoft.games.memory.kids
https://api.github.com/repos/jakobwenzel/MensaGuthaben,de.yazo_games.mensaguthaben
https://api.github.com/repos/Skarafaz/mercury,it.skarafaz.mercury
https://api.github.com/repos/gsurrel/MessengerBypasser,org.surrel.messengerbypasser
https://api.github.com/repos/chaosdorf/meteroid,de.chaosdorf.meteroid
https://api.github.com/repos/mannyamorim/metrictime,com.mathi_amorim.emmanuel.metrictime
https://api.github.com/repos/micolous/metrodroid,au.id.micolous.farebot
https://api.github.com/repos/waelk10/Metronome,tk.radioactivemineral.metronome
https://api.github.com/repos/JBirdVegas/external_jbirdvegas_mGerrit,com.jbirdvegas.mgerrit
https://api.github.com/repos/maks/MGit,com.manichord.mgit
https://api.github.com/repos/gatheringhallstudios/MHGenDatabase,com.ghstudios.android.mhgendatabase
https://api.github.com/repos/raulhaag/MiMangaNu,ar.rulosoft.mimanganu
https://api.github.com/repos/easytargetmixel/micopi_android,com.easytarget.micopi
https://api.github.com/repos/mridang/microchip,com.mridang.throttle
https://api.github.com/repos/mkulesh/microMathematics,com.mkulesh.micromath.plus
https://api.github.com/repos/bitplane/Microphone,net.bitplane.android.microphone
https://api.github.com/repos/dotWee/MicroPinner,de.dotwee.micropinner
https://api.github.com/repos/MartiniMoe/MIDICtrl,moe.martini.midictrl
https://api.github.com/repos/graham22/Classic,ca.farrelltonsolar.classic
https://api.github.com/repos/ikarus23/MifareClassicTool,de.syss.MifareClassicTool
https://api.github.com/repos/alketii/mighty-knight,io.github.alketii.mightyknight
https://api.github.com/repos/evancharlton/android-mileage,com.evancharlton.mileage
https://api.github.com/repos/vamartid/Minesweeper,csd.qtproject.minesweeper
https://api.github.com/repos/minetest/minetest,net.minetest.minetest
https://api.github.com/repos/rubenwardy/mtmods4android,com.rubenwardy.minetestmodmanager
https://api.github.com/repos/KOBUGE-Games/minilens,io.github.kobuge.games.minilens
https://api.github.com/repos/rubenroy/Minimal-Todo,com.rubenroy.minimaltodo
https://api.github.com/repos/niteshpatel/ministocks,nitezh.ministock
https://api.github.com/repos/imshyam/mintube,com.shapps.mintubeapp
https://api.github.com/repos/mattgmg1990/miracast-widget,com.mattgmg.miracastwidget
https://api.github.com/repos/httpdispatch/MissedNotificationsReminder,com.app.missednotificationsreminder
https://api.github.com/repos/artetxem/mitzuli,com.mitzuli
https://api.github.com/repos/danielegobbetti/mixare,org.mixare
https://api.github.com/repos/inguin/moneybalance,ivl.android.moneybalance
https://api.github.com/repos/andviane/moon,akk.astro.droid.moonphase
https://api.github.com/repos/mannd/morbidmeter-android,org.epstudios.morbidmeter
https://api.github.com/repos/rosenpin/More-For-GO,com.tomer.poke.notifier
https://api.github.com/repos/mosmetro-android/mosmetro-android,pw.thedrhax.mosmetro
https://api.github.com/repos/CarstenKarbach/MoTAC,de.karbach.tac
https://api.github.com/repos/chrismiceli/motp,org.cry.otp
https://api.github.com/repos/cerisara/mousetodon,fr.xtof54.mousetodon
https://api.github.com/repos/movim/movim_android,com.movim.movim
https://api.github.com/repos/mozilla/MozStumbler,org.mozilla.mozstumbler
https://api.github.com/repos/microg/IchnaeaNlpBackend,org.microg.nlp.backend.ichnaea
https://api.github.com/repos/abarisain/dmix,com.namelessdev.mpdroid
https://api.github.com/repos/fr3ts0n/AndrOBD-Plugin,com.fr3ts0n.androbd.plugin.mqtt
https://api.github.com/repos/loisaidasam/mta-fare-buster-android,com.samsandberg.mtafarebuster
https://api.github.com/repos/AEFeinstein/mtg-familiar,com.gelakinetic.mtgfam
https://api.github.com/repos/kconger/org.thecongers.mtpms,org.thecongers.mtpms
https://api.github.com/repos/LeonardoCardoso/Multitouch-Test,com.leocardz.multitouch.test
https://api.github.com/repos/crazyhitty/Munch,com.crazyhitty.chdev.ks.munch
https://api.github.com/repos/SimpleMobileTools/Simple-Music-Player,com.simplemobiletools.musicplayer
https://api.github.com/repos/maxammann/music-cyclon,max.music_cyclon
https://api.github.com/repos/romannurik/muzei,net.nurik.roman.muzei
https://api.github.com/repos/devmil/muzei-bingimageoftheday,de.devmil.muzei.bingimageofthedayartsource
https://api.github.com/repos/WeAreFairphone/android_packages_apps_MyContactsWidget,community.fairphone.mycontacts
https://api.github.com/repos/mtotschnig/MyExpenses,org.totschnig.myexpenses
https://api.github.com/repos/gjedeer/mylocation,net.mypapit.mobile.myposition
https://api.github.com/repos/fixme-lausanne/MyHackerspace,ch.fixme.status
https://api.github.com/repos/aykit/MyOwnNotes,org.aykit.MyOwnNotes
https://api.github.com/repos/WangDaYeeeeee/Mysplash,com.wangdaye.mysplash
https://api.github.com/repos/pot8oe/mythmote,tkj.android.homecontrol.mythmote
https://api.github.com/repos/igoralmeida/muzei-apod,com.example.muzei.muzeiapod
https://api.github.com/repos/msal/muzei-nationalgeographic,de.msal.muzei.nationalgeographic
https://api.github.com/repos/navit-gps/navit,org.navitproject.navit
https://api.github.com/repos/SecUSo/privacy-friendly-netmonitor,org.secuso.privacyfriendlynetmonitor
https://api.github.com/repos/ram-on/NetcfgWidget,free.rm.netcfgwidget
https://api.github.com/repos/alegen/netclip,net.alegen.android.netclip
https://api.github.com/repos/M66B/NetGuard,eu.faircode.netguard
https://api.github.com/repos/ultrafunk/netinfo,com.ultrafunk.network_info
https://api.github.com/repos/scheich/Network,de.mangelow.network
https://api.github.com/repos/caarmen/network-monitor,ca.rmen.android.networkmonitor
https://api.github.com/repos/TeamNewPipe/NewPipe,org.schabi.newpipe
https://api.github.com/repos/samuelclay/NewsBlur,com.newsblur
https://api.github.com/repos/nextcloud/android,com.nextcloud.client
https://api.github.com/repos/theScrabi/OCBookmarks,org.schabi.nxbookmarks
https://api.github.com/repos/nextcloud/android,com.nextcloud.android.beta
https://api.github.com/repos/owncloud/News-Android-App,de.luhmer.owncloudnewsreader
https://api.github.com/repos/nerzhul/ownCloud-SMS-App,fr.unix_experience.owncloud_sms
https://api.github.com/repos/nextcloud/talk-android,com.nextcloud.talk2
https://api.github.com/repos/nextgis/android_gisapp,com.nextgis.mobile
https://api.github.com/repos/AnaelMobilia/NextINpact-Unofficial,com.pcinpact
https://api.github.com/repos/nadam/nfc-reader,se.anyro.nfc_reader
https://api.github.com/repos/mofosyne/NFCMessageBoard,com.briankhuu.nfcmessageboard
https://api.github.com/repos/FengMoeTeam/NHentai-android,moe.feng.nhentai
https://api.github.com/repos/okey666/NiceCompass,com.digitallizard.nicecompass
https://api.github.com/repos/corphish/NightLight,com.corphish.nightlight.generic
https://api.github.com/repos/MichaelEvans/NightModeEnabler,org.michaelevans.nightmodeenabler
https://api.github.com/repos/fython/Blackbulb,info.papdt.blackblub
https://api.github.com/repos/nitroshare/nitroshare-android,net.nitroshare.android
https://api.github.com/repos/afollestad/nock-nock,com.afollestad.nocknock
https://api.github.com/repos/microg/NominatimGeocoderBackend,org.microg.nlp.backend.nominatim
https://api.github.com/repos/spacecowboy/NotePad,com.nononsenseapps.notepad
https://api.github.com/repos/tjg1/nori,io.github.tjg1.nori
https://api.github.com/repos/icechen1/Notable,com.icechen1.notable.pro
https://api.github.com/repos/RyuzakiKK/NoteCrypt,com.notecryptpro
https://api.github.com/repos/YoeriNijs/NoteBuddy,nl.yoerinijs.notebuddy
https://api.github.com/repos/szafir1100/drawable-notepad,com.tomaszmarzeion.notepad
https://api.github.com/repos/SimpleMobileTools/Simple-Notes,com.simplemobiletools.notes
https://api.github.com/repos/stefan-niedermann/nextcloud-notes,it.niedermann.owncloud.notes
https://api.github.com/repos/SecUSo/privacy-friendly-notes,org.secuso.privacyfriendlynotes
https://api.github.com/repos/khuttun/NotificationNotes,com.khuttun.notificationnotes
https://api.github.com/repos/gsurrel/FacebookNotifications,org.surrel.facebooknotifications
https://api.github.com/repos/caarmen/nounours-android,ca.rmen.nounours
https://api.github.com/repos/ethauvin/NoUSSD,net.thauvin.erik.android.noussd
https://api.github.com/repos/SpEcHiDe/NoWhatOpen,me.shrimadhavuk.numselapp
https://api.github.com/repos/free-software-for-android/NTPSync,org.ntpsync
https://api.github.com/repos/Reepeecheep/NumberGuesser,com.numguesser.tonio_rpchp.numberguesser
https://api.github.com/repos/schnatterer/nusic,info.schnatterer.nusic
https://api.github.com/repos/justdave/nwsweatheralertswidget,net.justdave.nwsweatheralertswidget
https://api.github.com/repos/NyaaPantsu/NyaaPantsu-android-app,cat.pantsu.nyaapantsu
https://api.github.com/repos/jevonlongdell/nztides,com.palliser.nztides
https://api.github.com/repos/jensstein/oandbackup,dk.jens.backup
https://api.github.com/repos/trikita/obsqr,trikita.obsqr
https://api.github.com/repos/alandais/Pointeuse_S3I,fr.s3i.pointeuse
https://api.github.com/repos/Shirakumo/ocelot,org.shirakumo.ocelot
https://api.github.com/repos/schaal/ocreader,email.schaal.ocreader
https://api.github.com/repos/slapperwan/gh4a,com.gh4a
https://api.github.com/repos/gateship-one/odyssey,org.gateshipone.odyssey
https://api.github.com/repos/SufficientlySecure/offline-calendar,org.sufficientlysecure.localcalendar
https://api.github.com/repos/OGRECave/ogre,org.ogre.browser
https://api.github.com/repos/nathanj/ogsdroid,com.ogsdroid
https://api.github.com/repos/openintents/filemanager,org.openintents.filemanager
https://api.github.com/repos/openintents/flashlight,org.openintents.flashlight
https://api.github.com/repos/openintents/notepad,org.openintents.notepad
https://api.github.com/repos/openintents/shoppinglist,org.openintents.shopping
https://api.github.com/repos/federicoiosue/Omni-Notes,it.feio.android.omninotes.foss
https://api.github.com/repos/OneTimePass/OneTimePass,com.github.onetimepass
https://api.github.com/repos/ndleyton/OneTwo,com.nicue.onetwo
https://api.github.com/repos/TheTorProject/ooniprobe-android,org.openobservatory.ooniprobe
https://api.github.com/repos/openfoodfacts/openfoodfacts-androidapp,openfoodfacts.github.scrachx.openbeauty
https://api.github.com/repos/sanbeg/flashlight,io.github.sanbeg.flashlight
https://api.github.com/repos/GunshipPenguin/open_flood,com.gunshippenguin.openflood
https://api.github.com/repos/openfoodfacts/openfoodfacts-androidapp,openfoodfacts.github.scrachx.openfood
https://api.github.com/repos/tasomaniac/OpenLinkWith,com.tasomaniac.openwith.floss
https://api.github.com/repos/nexes/Android-File-Manager,com.nexes.manager
https://api.github.com/repos/ctodobom/OpenNoteScanner,com.todobom.opennotescanner
https://api.github.com/repos/openfoodfacts/openfoodfacts-androidapp,org.openpetfoodfacts.scanner
https://api.github.com/repos/chaosbastler/opentraining,de.skubware.opentraining
https://api.github.com/repos/dkanada/OpenAPK,com.dkanada.openapk
https://api.github.com/repos/OpenArchive/openarchive,net.opendasharchive.openarchive.release
https://api.github.com/repos/bparmentier/OpenBikeSharing,be.brunoparmentier.openbikesharing.app
https://api.github.com/repos/wish7code/org.openbmap.unifiedNlpProvider,org.openbmap.unifiedNlp
https://api.github.com/repos/TomTasche/OpenDocument.droid,at.tomtasche.reader
https://api.github.com/repos/daktak/opengapps_downloader,org.opengappsdownloader
https://api.github.com/repos/openhab/openhab-android,org.openhab.habdroid
https://api.github.com/repos/openhab/openhab-android,org.openhab.habdroid.beta
https://api.github.com/repos/theScrabi/OpenHitboxStreams,org.schabi.openhitboxstreams
https://api.github.com/repos/openpgp-keychain/openpgp-keychain,org.sufficientlysecure.keychain
https://api.github.com/repos/OpenLauncherTeam/openlauncher,com.benny.openlauncher
https://api.github.com/repos/nv95/OpenManga,org.nv95.openmanga
https://api.github.com/repos/AmericanRedCross/OpenMapKitAndroid,org.redcross.openmapkit
https://api.github.com/repos/domoritz/open-mensa-android,de.uni_potsdam.hpi.openmensa
https://api.github.com/repos/iilab/openmentoring-mobile,org.iilab.openmentoring
https://api.github.com/repos/OpenOrienteering/mapper/,org.openorienteering.mapper
https://api.github.com/repos/ars3niy/openpass,com.example.openpass
https://api.github.com/repos/indication/OpenRedmine,jp.redmine.redmineclient
https://api.github.com/repos/oliexdev/openScale,com.health.openscale
https://api.github.com/repos/joonatoona/OpenShift,com.digitalfishfun.openshift
https://api.github.com/repos/romario333/opensudoku,cz.romario.opensudoku
https://api.github.com/repos/dmfs/opentasks,org.dmfs.tasks
https://api.github.com/repos/wkillerud/hiofenigma-android,edu.killerud.kitchentimer
https://api.github.com/repos/schwabe/ics-openvpn,de.blinkt.openvpn
https://api.github.com/repos/no-go/Wortschatz,de.digisocken.openwort
https://api.github.com/repos/orgzly/orgzly-android,com.orgzly
https://api.github.com/repos/EthACKdotOrg/orWall,org.ethack.orwall
https://api.github.com/repos/guardianproject/orweb,info.guardianproject.browser
https://api.github.com/repos/eolwral/OSMonitor,com.eolwral.osmonitor
https://api.github.com/repos/billthefarmer/scope,org.billthefarmer.scope
https://api.github.com/repos/osmandapp/Osmand,net.osmand.srtmPlugin.paid
https://api.github.com/repos/osmandapp/Osmand,net.osmand.plus
https://api.github.com/repos/Gittner/OSMBugs,org.gittner.osmbugs
https://api.github.com/repos/nguillaumin/osmtracker-android,me.guillaumin.android.osmtracker
https://api.github.com/repos/ldionmarcil/OSRSHelper,com.infonuascape.osrshelper
https://api.github.com/repos/0xbb/otp-authenticator,net.bierbaumer.otp_authenticator
https://api.github.com/repos/Luorrak/Ouroboros,com.luorrak.ouroboros
https://api.github.com/repos/miku-nyan/Overchan-Android,nya.miku.wishmaster
https://api.github.com/repos/AliceCA/Overchan-Android,bus.chio.wishmaster
https://api.github.com/repos/owncloud/android,com.owncloud.android
https://api.github.com/repos/theScrabi/OCBookmarks,org.schabi.nxbookmarks.owncloud
https://api.github.com/repos/nbossard/packlist,com.nbossard.packlist
https://api.github.com/repos/firetech/PactrackDroid,nu.firetech.android.pactrack
https://api.github.com/repos/mikifus/padland,com.mikifus.padland
https://api.github.com/repos/NightWhistler/PageTurner,net.nightwhistler.pageturner
https://api.github.com/repos/beli3ver/Paper-FOSS-Theme,com.kn.paper_foss_theme
https://api.github.com/repos/ValleZ/Paper-Wallet,ru.valle.btc
https://api.github.com/repos/devmil/PaperLaunch,de.devmil.paperlaunch
https://api.github.com/repos/Papuh/PapuhWalls,com.alexcruz.papuhwalls
https://api.github.com/repos/jklmnn/ParkenDD,de.jkliemann.parkendd
https://api.github.com/repos/ligi/PassAndroid,org.ligi.passandroid
https://api.github.com/repos/passcard4android/PassCard,com.passcard
https://api.github.com/repos/mwgg/passera,gg.mw.passera
https://api.github.com/repos/SecUSo/privacy-friendly-passwordgenerator,org.secuso.privacyfriendlypasswordgenerator
https://api.github.com/repos/zeapo/Android-Password-Store,com.zeapo.pwdstore
https://api.github.com/repos/xn--nding-jua/PC_DIMMER_Android,de.phoenixstudios.pc_dimmer
https://api.github.com/repos/scoute-dich/PDFCreator,de.baumann.pdfcreator
https://api.github.com/repos/Swati4star/Images-to-PDF,swati4star.createpdf
https://api.github.com/repos/goexle/peanutEncryption,peanutencryption.peanutencryption
https://api.github.com/repos/j4velin/Pedometer,de.j4velin.pedometer
https://api.github.com/repos/bagilevi/android-pedometer,name.bagi.levente.pedometer
https://api.github.com/repos/SecUSo/privacy-friendly-pedometer,org.secuso.privacyfriendlyactivitytracker
https://api.github.com/repos/Frozen-Developers/android-periodic-table,com.frozendevs.periodictable
https://api.github.com/repos/arnowelzel/periodical,de.arnowelzel.android.periodical
https://api.github.com/repos/ebraminio/DroidPersianCalendar,com.byagowi.persiancalendar
https://api.github.com/repos/PGPAuth/PGPAuth_Android,org.lf_net.pgpunlocker
https://api.github.com/repos/Mnkai/PGPClipper,moe.minori.pgpclipper
https://api.github.com/repos/ScreamingHawk/phone-saver,link.standen.michael.phonesaver
https://api.github.com/repos/quaap/PhoneFoneFun,com.quaap.phonefonefun
https://api.github.com/repos/PhotoBackup/client-android,fr.s13d.photobackup
https://api.github.com/repos/jruesga/PhotoPhase,com.ruesga.android.wallpapers.photophase
https://api.github.com/repos/MrFlyingToasterman/Pijaret,dmusiolik.pijaret
https://api.github.com/repos/SecUSo/privacy-friendly-pin-mnemonic,org.secuso.privacyfriendlypin
https://api.github.com/repos/maxpower47/PinDroid,com.pindroid
https://api.github.com/repos/fvasco/pinpoi,io.github.fvasco.pinpoi
https://api.github.com/repos/rnauber/pipepanic-android,org.olgsoft.apipepanic
https://api.github.com/repos/lukaslihotzki/pixelflood,de.lihotzki.pixelflood
https://api.github.com/repos/guardianproject/PixelKnot,info.guardianproject.pixelknot
https://api.github.com/repos/dahlia/muzei-pixiv,com.pixiv.muzei.pixivsource
https://api.github.com/repos/pjuu/droidotter/,com.pjuu.otterdroid
https://api.github.com/repos/FEDE0D/Planet-Rider/,io.githubfede0d.planetrider
https://api.github.com/repos/dftec-es/planetcon,com.dftec.planetcon
https://api.github.com/repos/saschpe/PlanningPoker,saschpe.poker
https://api.github.com/repos/jcgruenhage/PlayMusicExporter,re.jcg.playmusicexporter
https://api.github.com/repos/Cleveroad/PlayWidget,com.cleveroad.sample
https://api.github.com/repos/ericzolf/pmtd,eu.lavarde.pmtd
https://api.github.com/repos/Utyff/pMetro,com.utyf.pmetro
https://api.github.com/repos/afonsotrepa/PocketGopher,com.gmail.afonsotrepa.pocketgopher
https://api.github.com/repos/junjunguo/PocketMaps,com.junjunguo.pocketmaps
https://api.github.com/repos/thasmin/Podax,com.axelby.podax
https://api.github.com/repos/einmalfel/PodListen,com.einmalfel.podlisten
https://api.github.com/repos/caarmen/poet-assistant,ca.rmen.android.poetassistant
https://api.github.com/repos/raatmarien/Point-and-Hit,com.jmstudios.pointandhit.android
https://api.github.com/repos/Tishka17/Point.im-Android,org.itishka.pointim
https://api.github.com/repos/beriain/PolarClock,eu.polarclock
https://api.github.com/repos/splondike/polipoid,com.polipoid
https://api.github.com/repos/TodorBalabanov/Politrics,eu.veldsoft.politrics
https://api.github.com/repos/huckleberrypie/pollywog,org.strawberryforum.pollywog
https://api.github.com/repos/Nyubis/Pomfshare,science.itaintrocket.pomfshare
https://api.github.com/repos/aaronjwood/PortAuthority,com.aaronjwood.portauthority
https://api.github.com/repos/xargsgrep/PortKnocker,com.xargsgrep.portknocker
https://api.github.com/repos/palfrey/postcode,net.tevp.postcode
https://api.github.com/repos/janoliver/pOT-Droid,com.mde.potdroid
https://api.github.com/repos/hrydgard/ppsspp,org.ppsspp.ppsspp
https://api.github.com/repos/metinkale38/namaz-vakti-android,com.metinkale.prayer
https://api.github.com/repos/SimonMarquis/Android-PreferencesManager,fr.simon.marquis.preferencesmanager
https://api.github.com/repos/DamienOReilly/PrepayCredit,damo.three.ie
https://api.github.com/repos/pretix/pretixdroid,eu.pretix.pretixdroid
https://api.github.com/repos/smithdtyler/prettygoodmusicplayer,com.smithdtyler.prettygoodmusicplayer
https://api.github.com/repos/bpeel/prevo,uk.co.busydoingnothing.prevo
https://api.github.com/repos/quaap/Primary,com.quaap.primary
https://api.github.com/repos/wolpi/prim-ftpd,org.primftpd
https://api.github.com/repos/andviane/prism,org.us.andriod
https://api.github.com/repos/brarcher/protect-baby-monitor,protect.babymonitor
https://api.github.com/repos/phpsysinfo/psiandroid,com.phpsysinfo
https://api.github.com/repos/MihaiBalint/TimisoaraPublicTransport,ro.mihai.tpt
https://api.github.com/repos/PuffOpenSource/Puff-Android,sun.bob.leela
https://api.github.com/repos/chrisboyle/sgtpuzzles,name.boyle.chris.sgtpuzzles
https://api.github.com/repos/qklabs/qksms,com.moez.QKSMS
https://api.github.com/repos/SecUSo/privacy-friendly-qr-scanner,com.secuso.privacyFriendlyCodeScanner
https://api.github.com/repos/xloem/qrstream,com.github.xloem.qrstream
https://api.github.com/repos/sandsmark/QuasselDroid,com.iskrembilen.quasseldroid
https://api.github.com/repos/Ohmnibus/quick-dice-roller,ohm.quickdice
https://api.github.com/repos/rosenpin/QuickDrawEverywhere,com.tomer.draw
https://api.github.com/repos/rdoeffinger/Dictionary,de.reimardoeffinger.quickdic
https://api.github.com/repos/himmele/quickdroid,vu.de.urpool.quickdroid
https://api.github.com/repos/geecko86/QuickLyric,com.geecko.QuickLyric
https://api.github.com/repos/scoute-dich/QuitSmoking,de.baumann.quitsmoking
https://api.github.com/repos/cesarvaliente/quitesleep,es.cesar.quitesleep
https://api.github.com/repos/frrahat/Quran-For-My-Android,com.frrahat.quransimple
https://api.github.com/repos/andybalaam/rabbit-escape,net.artificialworlds.rabbitescape
https://api.github.com/repos/mrksbrg/RacketGhost,com.markusborg.test
https://api.github.com/repos/wish7code/openbmap,org.openbmap
https://api.github.com/repos/segler-alex/RadioDroid,net.programmierecke.radiodroid2
https://api.github.com/repos/sanderbaas/rainalarm-android,nl.implode.regenalarm
https://api.github.com/repos/OEP/rainwave-android,cc.rainwave.android
https://api.github.com/repos/eidottermihi/rpicheck,de.eidottermihi.raspicheck
https://api.github.com/repos/engSERGIU/React,io.github.engsergiu.react
https://api.github.com/repos/baiatBun/React,io.github.baiatbun.react
https://api.github.com/repos/jonasbleyl/Recurrence,com.bleyl.recurrence
https://api.github.com/repos/raatmarien/red-moon,com.jmstudios.redmoon
https://api.github.com/repos/micwallace/reddinator,au.com.wallaceit.reddinator
https://api.github.com/repos/martinchodev/RedPanal-Android-WebApp,com.github.redpanal.android
https://api.github.com/repos/QuantumBadger/RedReader,org.quantumbadger.redreader
https://api.github.com/repos/vi/redscreen.apk,org.vi_server.red_screen
https://api.github.com/repos/phikal/ReGeX,com.phikal.regex
https://api.github.com/repos/Leszek111/ReLaunchX,com.gacode.relaunchx
https://api.github.com/repos/edsonduarte1990/reminders,com.lostrealm.lembretes
https://api.github.com/repos/onyxbits/remotekeyboard,de.onyxbits.remotekeyboard
https://api.github.com/repos/brarcher/rental-calc,protect.rentalcalc
https://api.github.com/repos/futurice/meeting-room-tablet,com.futurice.android.reservator
https://api.github.com/repos/m45t3r/retrobreaker,br.usp.ime.retrobreaker
https://api.github.com/repos/no-go/TextThing,click.dummer.textthing
https://api.github.com/repos/mikljohansson/retroboy,se.embargo.retroboy
https://api.github.com/repos/RetroShare/RetroShare,org.retroshare.android.qml_app
https://api.github.com/repos/MCMrARM/revolution-irc,io.mrarm.irc
https://api.github.com/repos/demantz/RFAnalyzer,com.mantz_it.rfanalyzer
https://api.github.com/repos/fasteque/rgb-tool,com.fastebro.androidrgbtool
https://api.github.com/repos/no-go/RickApp,click.dummer.rickapp
https://api.github.com/repos/cglapa/rights-alert,fr.keuse.rightsalert
https://api.github.com/repos/google/ringdroid/,com.ringdroid
https://api.github.com/repos/vector-im/riot-android,im.vector.alpha
https://api.github.com/repos/guardianproject/ripple,info.guardianproject.ripple
https://api.github.com/repos/mdecorde/BAC76,fr.hnit.riverferry
https://api.github.com/repos/norenh/RKFRead,se.norenh.rkfread
https://api.github.com/repos/wseemann/RoMote,wseemann.media.romote
https://api.github.com/repos/abcdjdj/RootVerifier-APP,com.abcdjdj.rootverifier
https://api.github.com/repos/phuang/RotationLock,org.penghuang.tools.rotationlock
https://api.github.com/repos/lpar/RPN,com.ath0.rpn
https://api.github.com/repos/scoutant/rpn,org.scoutant.rpn
https://api.github.com/repos/martinmarinov/rtl_tcp_andro-,marto.rtl_tcp_andro
https://api.github.com/repos/SecUSo/privacy-friendly-ruler,org.secuso.privacyfriendlyruler
https://api.github.com/repos/Marlinski/Rumble,org.disrupted.rumble
https://api.github.com/repos/jonasoreland/runnerup/,org.runnerup
https://api.github.com/repos/awaken/sanity,cri.sanity
https://api.github.com/repos/ligi/SatoshiProof,org.ligi.satoshiproof
https://api.github.com/repos/mvglasow/satstat,com.vonglasow.michael.satstat
https://api.github.com/repos/JonasCz/save-for-offline,jonas.tool.saveForOffline
https://api.github.com/repos/TTTDevs/NextCloudBookmarksAndroid,com.tttdevs.stncbookmarks
https://api.github.com/repos/lkorth/screen-notifications,com.lukekorth.screennotifications
https://api.github.com/repos/aravindsagar/ScreenShift,com.sagar.screenshift2
https://api.github.com/repos/dkrivoruchko/ScreenStream,info.dvkr.screenstream
https://api.github.com/repos/vijai1996/screenrecorder,com.orpheusdroid.screenrecorder
https://api.github.com/repos/mportuesisf/ScreenInfo,com.jotabout.screeninfo
https://api.github.com/repos/Cj-Malone/Screens,uk.co.keepawayfromfire.screens
https://api.github.com/repos/rosenpin/Screenshot-Sharer,com.tomer.screenshotsharer
https://api.github.com/repos/TodorBalabanov/Scribe4,eu.veldsoft.scribe4
https://api.github.com/repos/PowerInside/ScrollSocket,io.github.powerinside.scrollsocket
https://api.github.com/repos/caarmen/scrumchatter,ca.rmen.android.scrumchatter
https://api.github.com/repos/jerickson314/sdscanner,com.gmail.jerickson314.sdscanner
https://api.github.com/repos/haiwen/seadroid,com.seafile.seadroid2
https://api.github.com/repos/quaap/SeafoodBerserker,com.quaap.fishberserker
https://api.github.com/repos/vishesh/sealnote,com.twistedplane.sealnote
https://api.github.com/repos/vackosar/search-based-launcher/,com.vackosar.searchbasedlauncher
https://api.github.com/repos/SimonMarquis/Android-SecretCodes,fr.simon.marquis.secretcodes
https://api.github.com/repos/Fr4gorSoftware/SecScanQR,de.t_dankworth.secscanqr
https://api.github.com/repos/sileht/SeeksWidget,fr.seeks
https://api.github.com/repos/MrBIMC/SELinuxModeChanger,com.mrbimc.selinux
https://api.github.com/repos/arpruss/sendreduced,mobi.omegacentauri.SendReduced
https://api.github.com/repos/mtotschnig/SendWithFtp,org.totschnig.sendwithftp
https://api.github.com/repos/ianmcxa/vortaro,org.mcxa.vortaro
https://api.github.com/repos/onyxbits/sensorreadout,de.onyxbits.sensorreadout
https://api.github.com/repos/mustafa01ali/SensorsSandbox,com.mustafaali.sensorssandbox
https://api.github.com/repos/SensorApps/Sensors2OSC,org.sensors2.osc
https://api.github.com/repos/SensorApps/Sensors2Pd,org.sensors2.pd
https://api.github.com/repos/servalproject/batphone,org.servalproject
https://api.github.com/repos/richsmith/sexytopo,org.hwyl.sexytopo
https://api.github.com/repos/SteamGifts/SteamGifts,net.mabako.steamgifts
https://api.github.com/repos/sheimi/SGit,me.sheimi.sgit
https://api.github.com/repos/dimtion/Shaarlier,com.dimtion.shaarlier
https://api.github.com/repos/markusfisch/ShaderEditor,de.markusfisch.android.shadereditor
https://api.github.com/repos/sylvek/sharemyposition,net.sylvek.sharemyposition
https://api.github.com/repos/tengusw/share_to_clipboard,com.tengu.sharetoclipboard
https://api.github.com/repos/marcosdiez/shareviahttp,com.MarcosDiez.shareviahttp
https://api.github.com/repos/queler/sharetobrowser,aq.com.sharetobrowser
https://api.github.com/repos/00-Evan/shattered-pixel-dungeon,com.shatteredpixel.shatteredpixeldungeon
https://api.github.com/repos/js-labs/ShellsMP,org.jsl.shmp
https://api.github.com/repos/alaskalinuxuser/app_ship_capt_crew,com.alaskalinuxuser.shipcaptainandcrew
https://api.github.com/repos/opengemara/shiurim,org.opengemara.shiurim
https://api.github.com/repos/dsoulayrol/android-sholi,name.soulayrol.rhaa.sholi
https://api.github.com/repos/woefe/ShoppingList,com.woefe.shoppinglist
https://api.github.com/repos/SecUSo/privacy-friendly-shopping-list,privacyfriendlyshoppinglist.secuso.org.privacyfriendlyshoppinglist
https://api.github.com/repos/SufficientlySecure/calendar-contacts-shortcuts,org.shortcuts
https://api.github.com/repos/billthefarmer/shorty,org.billthefarmer.shorty
https://api.github.com/repos/kebernet/shortyz,com.totsp.crossword.shortyz
https://api.github.com/repos/ShowMeHills/ShowMeHills,com.showmehills
https://api.github.com/repos/MGaetan89/ShowsRage,com.mgaetan89.showsrage
https://api.github.com/repos/souch/SMP,souch.smp
https://api.github.com/repos/scoute-dich/Sieben,de.baumann.sieben
https://api.github.com/repos/cody82/sigfood,de.sigfood
https://api.github.com/repos/billthefarmer/sig-gen,org.billthefarmer.siggen
https://api.github.com/repos/Lanchon/sigspoof-checker,lanchon.sigspoof.checker
https://api.github.com/repos/hoihei/Silectric,net.alaindonesia.silectric
https://api.github.com/repos/SilenceIM/Silence,org.smssecure.smssecure
https://api.github.com/repos/stanipintjuk/Silverfish,com.launcher.silverfish
https://api.github.com/repos/hwki/SimpleBitcoinWidget,com.brentpanther.bitcoincashwidget
https://api.github.com/repos/hwki/SimpleBitcoinWidget,com.brentpanther.bitcoinwidget
https://api.github.com/repos/TobiasBielefeld/Simple-Brick-Games,de.tobiasbielefeld.brickgames
https://api.github.com/repos/eldarerathis/Simple-Chess-Clock,com.chessclock.android
https://api.github.com/repos/smarek/Simple-Dilbert,com.mareksebera.simpledilbert
https://api.github.com/repos/hwki/SimpleBitcoinWidget,com.brentpanther.ethereumwidget
https://api.github.com/repos/DF1E/SimpleExplorer,com.dnielfe.manager
https://api.github.com/repos/jcjordyn130/simpleirc,tk.jordynsmediagroup.simpleirc.fdroid
https://api.github.com/repos/tgwizard/sls,com.adam.aslfms
https://api.github.com/repos/hwki/SimpleBitcoinWidget,com.brentpanther.litecoinwidget
https://api.github.com/repos/toxtox/SimplePhilosopherstoneWidget,com.toxtox.philosopherstonewidget
https://api.github.com/repos/franciscofranco/Simple-Reboot-app,simple.reboot.com
https://api.github.com/repos/tranquvis/SimpleSmsRemote,tranquvis.simplesmsremote
https://api.github.com/repos/TobiasBielefeld/Simple-Solitaire,de.tobiasbielefeld.solitaire
https://api.github.com/repos/Sparker0i/Weather,com.a5corp.weather
https://api.github.com/repos/vvviperrr/SimpleRT,com.viper.simplert
https://api.github.com/repos/Chessmasterrr/SimpleStatsWidget,de.simplestatswidget
https://api.github.com/repos/mpcjanssen/simpletask-android,nl.mpcjanssen.simpletask
https://api.github.com/repos/aidin36/simpletextcrypt,com.aidinhut.simpletextcrypt
https://api.github.com/repos/enricocid/Simply-Solid,com.enrico.earthquake
https://api.github.com/repos/whitequark/SIPCaller,org.whitequark.sipcaller
https://api.github.com/repos/robert7k/sipswitch,eu.siebeck.sipswitch
https://api.github.com/repos/i-p-tel/sipdroid,org.sipdroid.sipua
https://api.github.com/repos/namlit/siteswap_generator,namlit.siteswapgenerator
https://api.github.com/repos/sky-map-team/stardroid,com.google.android.stardroid
https://api.github.com/repos/ram-on/SkyTube,free.rm.skytube.oss
https://api.github.com/repos/ccrama/Slide,me.ccrama.redditslide
https://api.github.com/repos/trikita/slide,trikita.slide
https://api.github.com/repos/scheich/SlideItLoud,de.mangelow.slideitloud
https://api.github.com/repos/marcopar/SliderSynth,eu.flatworld.android.slider
https://api.github.com/repos/ScreamingHawk/android-slideshow,link.standen.michael.slideshow
https://api.github.com/repos/handschuh/Slight-backup,de.shandschuh.slightbackup
https://api.github.com/repos/rignaneseleo/SlimSocial-for-Facebook,it.rignanese.leo.slimfacebook
https://api.github.com/repos/rignaneseleo/SlimSocial-for-Twitter,it.rignanese.leo.slimtwitter
https://api.github.com/repos/frankmorgner/vsmartcard,com.vsmartcard.acardemulator
https://api.github.com/repos/frankmorgner/vsmartcard,com.vsmartcard.remotesmartcardreader.app
https://api.github.com/repos/Sensirion/SmartGadget-Android,com.sensirion.smartgadget
https://api.github.com/repos/wbaumann/SmartReceiptsLibrary,wb.receiptspro
https://api.github.com/repos/timnew/AndroidInfrared,com.github.timnew.smartremotecontrol
https://api.github.com/repos/kenCode-de/smartcoins-wallet,de.bitsharesmunich.smartcoinswallet
https://api.github.com/repos/Phantast/smartnavi,com.ilm.sandwich
https://api.github.com/repos/jberkel/sms-backup-plus,com.zegoggles.smssync
https://api.github.com/repos/itds-consulting/android-silent-ping-sms,com.itds.sms.ping
https://api.github.com/repos/yeriomin/SmsScheduler,com.github.yeriomin.smsscheduler
https://api.github.com/repos/badaix/snapcast,de.badaix.snapcast
https://api.github.com/repos/EXL/Snooder21,ru.exlmoto.snood21
https://api.github.com/repos/xmikos/SnooperStopper,cz.eutopia.snooperstopper
https://api.github.com/repos/aario/snotepad,info.aario.snotepad
https://api.github.com/repos/mobilepearls/com.mobilepearls.sokoban,com.mobilepearls.sokoban
https://api.github.com/repos/agnibho/solarcompass,com.agnibho.android.solarcompass
https://api.github.com/repos/retrobits/son_of_hunkypunk,org.andglkmod.hunkypunk
https://api.github.com/repos/dkim0419/SoundRecorder,com.danielkim.soundrecorder
https://api.github.com/repos/meonwax/soundboard,de.meonwax.soundboard
https://api.github.com/repos/bottiger/SoundWaves,org.bottiger.podcast
https://api.github.com/repos/melllvar/Spark360,com.akop.bach
https://api.github.com/repos/NewProggie/SparkleShare-Android,org.sparkleshare.android
https://api.github.com/repos/Etuldan/spaRSS,net.etuldan.sparss.floss
https://api.github.com/repos/wrr/speech_trainer,mixedbit.speechtrainer
https://api.github.com/repos/flyingrub/SpeedMeter,fly.speedmeter.grub
https://api.github.com/repos/mikereidis/spirit2_free,fm.a2d.sf
https://api.github.com/repos/fyhertz/spydroid-ipcamera,net.majorkernelpanic.spydroid
https://api.github.com/repos/fr3ts0n/StageFever,com.fr3ts0n.stagefever
https://api.github.com/repos/xgouchet/Stanley,fr.xgouchet.packageexplorer
https://api.github.com/repos/Sw24Softwares/StarkeVerben,org.sw24softwares.starkeverben
https://api.github.com/repos/grmpl/StepandHeightcounter,grmpl.mk.stepandheightcounter
https://api.github.com/repos/premnirmal/StockTicker,com.github.premnirmal.tickerwidget
https://api.github.com/repos/KodarKooperativet/NotificationStopwatch,com.kodarkooperativet.notificationstopwatch
https://api.github.com/repos/enricocid/Storage-USB,com.enrico.filemanager
https://api.github.com/repos/westnordost/StreetComplete,de.westnordost.streetcomplete
https://api.github.com/repos/LonamiWebs/Stringlate,io.github.lonamiwebs.stringlate
https://api.github.com/repos/crysxd/Studiportal-Checker,de.hfu.funfpunktnull
https://api.github.com/repos/SecUSo/privacy-friendly-sudoku,org.secuso.privacyfriendlysudoku
https://api.github.com/repos/llaske/Sugarizer,org.olpc_france.sugarizer
https://api.github.com/repos/pejic/Summation,net.pejici.summation
https://api.github.com/repos/forrestguice/SuntimesWidget,com.forrestguice.suntimeswidget
https://api.github.com/repos/xxv/SuperGenPass,info.staticfree.SuperGenPass
https://api.github.com/repos/phhusson/Superuser,me.phh.superuser
https://api.github.com/repos/zoff99/surespot-android,com.twofours.surespot
https://api.github.com/repos/ligi/SurvivalManual,org.ligi.survivalmanual
https://api.github.com/repos/TodorBalabanov/SvarkaOddsCalculator,eu.veldsoft.svarka.odds.calculator
https://api.github.com/repos/theScrabi/SVG-redirect,org.schabi.svgredirect
https://api.github.com/repos/adrianchifor/Swiftnotes,com.moonpi.swiftnotes
https://api.github.com/repos/err4nt/SwpieView,org.voidptr.swpieview
https://api.github.com/repos/n76/Symphony,org.fitchfamily.android.symphony
https://api.github.com/repos/Kadabash/SyncOnWifi,org.t2.synconwifi
https://api.github.com/repos/wizmer/syncorg,com.coste.syncorg
https://api.github.com/repos/PowerInside/syncplayer,io.github.powerinside.syncplay
https://api.github.com/repos/syncthing/syncthing-android,com.nutomic.syncthingandroid
https://api.github.com/repos/syncthing/syncthing-lite,net.syncthing.lite
https://api.github.com/repos/scheich/SyncWifi,de.mangelow.syncwifi
https://api.github.com/repos/Tortel/SysLog,com.tortel.syslog
https://api.github.com/repos/Andre1299/TUI-ConsoleLauncher,ohi.andre.consolelauncher
https://api.github.com/repos/inorichi/tachiyomi,eu.kanade.tachiyomi
https://api.github.com/repos/trikita/talalarmo,trikita.talalarmo
https://api.github.com/repos/google/talkback,com.android.talkback
https://api.github.com/repos/w84death/Tanks-of-Freedom,in.p1x.tanks_of_freedom
https://api.github.com/repos/gabm/TapAndTurn,com.gabm.screenrotationcontrol
https://api.github.com/repos/wsdfhjxc/taponium,wsdfhjxc.taponium
https://api.github.com/repos/farmerbb/Taskbar,com.farmerbb.taskbar
https://api.github.com/repos/tasks/tasks,org.tasks
https://api.github.com/repos/ralphleon/TeaTimer,goo.TeaTimer
https://api.github.com/repos/yourealwaysbe/teacup,net.chilon.matt.teacup
https://api.github.com/repos/jlelse/teleposter,telegra.ph
https://api.github.com/repos/davidar/tensor,io.davidar.tensor
https://api.github.com/repos/jackpal/Android-Terminal-Emulator,jackpal.androidterm
https://api.github.com/repos/theScrabi/Terminightor,org.schabi.terminightor
https://api.github.com/repos/termux/termux-app,com.termux
https://api.github.com/repos/termux/termux-boot,com.termux.boot
https://api.github.com/repos/termux/termux-float,com.termux.window
https://api.github.com/repos/termux/termux-styling,com.termux.styling
https://api.github.com/repos/termux/termux-tasker,com.termux.tasker
https://api.github.com/repos/termux/termux-widget,com.termux.widget
https://api.github.com/repos/RinatKurmaev/Tether-companion,rino.org.tethercompanion
https://api.github.com/repos/paulmach/Text-Edit-for-Android,org.paulmach.textedit
https://api.github.com/repos/SimpleMobileTools/Simple-Thank-You,com.simplemobiletools.thankyou
https://api.github.com/repos/francescosoave/TIS_android,italian.said.fran.theitaliansaid
https://api.github.com/repos/TheFakeMontyOnTheRun/knightsofalentejo,br.odb.knights
https://api.github.com/repos/varlesh/theia-icon-theme,com.elementarytoday.theia
https://api.github.com/repos/scheich/Throughput,de.mangelow.throughput
https://api.github.com/repos/meoblast001/thugaim,info.meoblast001.thugaim
https://api.github.com/repos/lordi/tickmate,de.smasi.tickmate
https://api.github.com/repos/TilelessMap/TilelessMap,org.tilelessmap.app
https://api.github.com/repos/naman14/Timber,naman14.timber
https://api.github.com/repos/ThibaudM/timelapse-sony,com.thibaudperso.sonycamera
https://api.github.com/repos/ambrice/timesheet,com.tastycactus.timesheet
https://api.github.com/repos/LuK1337/TimeTable2,com.luk.timetable2
https://api.github.com/repos/xperia64/timidity-ae,com.xperia64.timidityae
https://api.github.com/repos/pacien/tincapp,org.pacien.tincapp
https://api.github.com/repos/Vilbrekin/tinc_gui,org.poirsouille.tinc_gui
https://api.github.com/repos/velazcod/Tinfoil-Facebook,com.danvelazco.fbwrapper
https://api.github.com/repos/fistons/TinyTinyFeed,org.poopeeland.tinytinyfeed
https://api.github.com/repos/theScrabi/tttrsss/,org.fox.tttrss
https://api.github.com/repos/redfish64/TinyTravelTracker,com.rareventure.gps2
https://api.github.com/repos/sorz/TinyKeePass,org.sorz.lab.tinykeepass
https://api.github.com/repos/SecUSo/privacy-friendly-todo-list,org.secuso.privacyfriendlytodolist
https://api.github.com/repos/JakeLane/Toffeed,me.jakelane.wrapperforfacebook
https://api.github.com/repos/k3b/toGoZip,de.k3b.android.toGoZip
https://api.github.com/repos/Fortyseven/ToneDef,com.bytestemplar.tonedef
https://api.github.com/repos/hgdev-ch/toposuite-android,ch.hgdev.toposuite
https://api.github.com/repos/MrDoomy/Torch,com.doomy.torch
https://api.github.com/repos/anselm94/Torchie-Android,in.blogspot.anselmbros.torchie
https://api.github.com/repos/SecUSo/privacy-friendly-torchlight,com.secuso.torchlight2
https://api.github.com/repos/sujithkanna/TouchDetector,com.msapps.touchdetector
https://api.github.com/repos/wistein/TourCount,com.wmstein.tourcount
https://api.github.com/repos/tananaev/traccar-client-android,org.traccar.client
https://api.github.com/repos/mathisdt/trackworktime,org.zephyrsoft.trackworktime
https://api.github.com/repos/y20k/trackbook,org.y20k.trackbook
https://api.github.com/repos/HassanHeydariNasab/trans,ir.hsn6.trans
https://api.github.com/repos/erickok/transdroid,org.transdroid.full
https://api.github.com/repos/erickok/transdroid-search,org.transdroid.search
https://api.github.com/repos/erickok/transdroid,org.transdroid.lite
https://api.github.com/repos/wistein/TransektCount,com.wmstein.transektcount
https://api.github.com/repos/y20k/transistor,org.y20k.transistor
https://api.github.com/repos/grote/Transportr,de.grobox.liberario
https://api.github.com/repos/ybonnel/TransportsRennes,fr.ybo.transportsbordeaux
https://api.github.com/repos/ybonnel/TransportsRennes,fr.ybo.transportsrennes
https://api.github.com/repos/genonbeta/TrebleShot,com.genonbeta.TrebleShot
https://api.github.com/repos/equeim/tremotesf-android,org.equeim.tremotesf
https://api.github.com/repos/trezor/trezor-android,io.trezor.app
https://api.github.com/repos/whirish/Tri-Valley-Buses,io.github.whirish.tvbuses
https://api.github.com/repos/koelleChristian/trickytripper,de.koelle.christian.trickytripper
https://api.github.com/repos/fabmazz/triesteinbus,it.fabmazz.triestebus
https://api.github.com/repos/zoff99/ToxAndroidRefImpl,com.zoffcc.applications.trifa
https://api.github.com/repos/ebaschiera/TripleCamel,com.ebaschiera.triplecamel
https://api.github.com/repos/TripSit/tripmobile,me.tripsit.tripmobile
https://api.github.com/repos/mlsoft/Trycorder5,net.ddns.mlsoftlaberge.trycorder
https://api.github.com/repos/nilsbraden/ttrss-reader-fork,org.ttrssreader
https://api.github.com/repos/TobiasSchwirten/tuiodroid,tuioDroid.impl
https://api.github.com/repos/billthefarmer/tuner,org.billthefarmer.tuner
https://api.github.com/repos/HassanHeydariNasab/turo,ir.hsn6.turo
https://api.github.com/repos/tuskyapp/Tusky,com.keylesspalace.tusky
https://api.github.com/repos/TodorBalabanov/tuty-fruty-slot-for-android,eu.veldsoft.tuty.fruty.slot
https://api.github.com/repos/tux4kids/Tuxpaint-Android,org.tuxpaint
https://api.github.com/repos/42SK/TVKILL,com.redirectapps.tvkill
https://api.github.com/repos/john-tornblom/TVHGuide,org.tvheadend.tvhguide
https://api.github.com/repos/TwidereProject/Twidere-Android,org.mariotaku.twidere
https://api.github.com/repos/no-go/UART-Smartwatch,click.dummer.UartSmartwatch
https://api.github.com/repos/ultrasonic/ultrasonic,org.moire.ultrasonic
https://api.github.com/repos/liveplayergames/UFP,com.liveplayergames.finneypoker
https://api.github.com/repos/microg/android_packages_apps_UnifiedNlp,org.microg.nlp
https://api.github.com/repos/microg/android_packages_apps_UnifiedNlp,com.google.android.gms
https://api.github.com/repos/microg/android_packages_apps_UnifiedNlp,com.google.android.location
https://api.github.com/repos/btimofeev/UniPatcher,org.emunix.unipatcher
https://api.github.com/repos/physphil/UnitConverterUltimate,com.physphil.android.unitconverterultimate
https://api.github.com/repos/lucasdnd/unix-time-clock-widget,com.lucasdnd.unixtimeclockwidget
https://api.github.com/repos/adrian/upm-android,com.u17od.upm
https://api.github.com/repos/daverix/urlforwarder,net.daverix.urlforward
https://api.github.com/repos/alt236/USB-Device-Info---Android,aws.apps.usbDeviceEnumerator
https://api.github.com/repos/Streetwalrus/android_usb_msd,streetwalrus.usbmountr
https://api.github.com/repos/vanilla-music/vanilla-music-cover-fetch,com.kanedias.vanilla.coverfetch
https://api.github.com/repos/vanilla-music/vanilla-music-lyrics-search,com.kanedias.vanilla.lyrics
https://api.github.com/repos/vanilla-music/vanilla,ch.blinkenlights.android.vanilla
https://api.github.com/repos/vanilla-music/vanilla-music-tag-editor,com.kanedias.vanilla.audiotag
https://api.github.com/repos/dozingcat/Vector-Pinball,com.dozingcatsoftware.bouncy
https://api.github.com/repos/jiikuy/velocitycalculator,ch.jiikuy.velocitycalculator
https://api.github.com/repos/allan-simon/verbiste-android,com.allansimon.verbisteandroid
https://api.github.com/repos/MarcusWolschon/osmeditor4android,de.blau.android
https://api.github.com/repos/Antonis427/veterondo,com.saladdressing.veterondo
https://api.github.com/repos/no-go/ViboraFeed,de.vibora.viborafeed
https://api.github.com/repos/brarcher/video-transcoder,protect.videoeditor
https://api.github.com/repos/AdrienPoupa/VinylMusicPlayer,com.poupa.vinylmusicplayer
https://api.github.com/repos/TodorBalabanov/VitoshaDM,eu.veldsoft.vitoshadm
https://api.github.com/repos/ojacquemart/vlilleChecker,com.vlille.checker
https://api.github.com/repos/0xpr03/VocableTrainer-Android,vocabletrainer.heinecke.aron.vocabletrainer
https://api.github.com/repos/PaulWoitaschek/Voice,de.ph1b.audiobook
https://api.github.com/repos/pilot51/voicenotify,com.pilot51.voicenotify
https://api.github.com/repos/siacs/VoiceRecorder,eu.siacs.conversations.voicerecorder
https://api.github.com/repos/michaelkourlas/voipms-sms-client,net.kourlas.voipms_sms
https://api.github.com/repos/stephanepoinsart/votar,com.poinsart.votar
https://api.github.com/repos/Mygod/VPNHotspot,be.mygod.vpnhotspot
https://api.github.com/repos/vuze/vuze-remote-for-android,com.vuze.android.remote
https://api.github.com/repos/aperifons/Wa-Tor,com.dirkgassen.wator
https://api.github.com/repos/mafrosis/Wake-On-Lan,net.mafro.android.wakeonlan
https://api.github.com/repos/wallabag/android-app,fr.gaulupeau.apps.InThePoche
https://api.github.com/repos/walleth/walleth,org.walleth
https://api.github.com/repos/SpEcHiDe/WhatsAppTransmitter,me.shrimadhavuk.watransmitter
https://api.github.com/repos/scoute-dich/Weather,de.baumann.weather
https://api.github.com/repos/SecUSo/privacy-friendly-weather,org.secuso.privacyfriendlyweather
https://api.github.com/repos/opacapp/opacclient,de.geeksfactory.opacclient
https://api.github.com/repos/tobykurien/webapps,com.tobykurien.webapps
https://api.github.com/repos/Starcommander/StreamRadio/,starcom.snd
https://api.github.com/repos/martykan/webTube,cz.martykan.webtube
https://api.github.com/repos/ubergeek42/weechat-android,com.ubergeek42.WeechatAndroid
https://api.github.com/repos/DaylightingSociety/WhereAreTheEyes,org.daylightingsociety.wherearetheeyes
https://api.github.com/repos/biylda/WhereYouGo,menion.android.whereyougo
https://api.github.com/repos/stovocor/whohasmystuff,de.freewarepoint.whohasmystuff
https://api.github.com/repos/BramBonne/privacypolice,be.uhasselt.privacypolice
https://api.github.com/repos/glesik/wifireminders,ru.glesik.wifireminders
https://api.github.com/repos/marcus905/android-wifi-ace,org.marcus905.wifi.ace
https://api.github.com/repos/j4velin/WiFi-Auto-Off,de.j4velin.wifiAutoOff
https://api.github.com/repos/Zanshinmu/Wifi-Fixer,org.wahtod.wififixer
https://api.github.com/repos/js-labs/WalkieTalkie,org.jsl.wfwt
https://api.github.com/repos/VREMSoftwareDevelopment/WifiAnalyzer,com.vrem.wifianalyzer
https://api.github.com/repos/ivanvolosyuk/wifikeyboard,com.volosyukivan
https://api.github.com/repos/bparmentier/WiFiKeyShare,be.brunoparmentier.wifikeyshare
https://api.github.com/repos/SLoeuillet/WIFI_EAP_SIM_Conf,net.loeuillet.wifi_eap_sim_conf
https://api.github.com/repos/wiglenet/wigle-wifi-wardriving,net.wigle.wigleandroid
https://api.github.com/repos/WikiJourney/wikijourney_app,eu.wikijourney.wikijourney
https://api.github.com/repos/WikiJourney/wikijourney_app,com.wikijourney.wikijourney
https://api.github.com/repos/wikimedia/apps-android-wikipedia,org.wikipedia
https://api.github.com/repos/conchyliculture/wikipoff,fr.renzo.wikipoff
https://api.github.com/repos/sryze/wirebug,com.github.sryze.wirebug
https://api.github.com/repos/GrahamBlanshard/WiseRadar,wiseguys.radar
https://api.github.com/repos/shubhamchaudhary/wordpowermadeeasy,org.developfreedom.wordpowermadeeasy
https://api.github.com/repos/yeriomin/WorkoutLog,com.github.yeriomin.workoutlog
https://api.github.com/repos/arminha/worldclockwidget,ch.corten.aha.worldclock
https://api.github.com/repos/Kestutis-Z/World-Weather,com.haringeymobile.ukweather
https://api.github.com/repos/nus-mtp/worldscope,com.litmus.worldscope
https://api.github.com/repos/glesik/wpgen,net.glsk.wpgen
https://api.github.com/repos/mattkwan/android-xserver,au.com.darkside.XServer
https://api.github.com/repos/redsolution/xabber-android,com.xabber.androiddev
https://api.github.com/repos/freezy/android-xbmcremote,org.xbmc.android.remote
https://api.github.com/repos/XCSoar/XCSoar,org.xcsoar
https://api.github.com/repos/tcoxon/XkcdViewer,net.bytten.xkcdviewer
https://api.github.com/repos/daktak/xposed_downloader,org.xposeddownloader
https://api.github.com/repos/rovo89/XposedInstaller,de.robv.android.xposed.installer
https://api.github.com/repos/M66B/XPrivacyLua,eu.faircode.xlua
https://api.github.com/repos/rnauber/xskat-android/,de.xskat
https://api.github.com/repos/pocmo/Yaaic,org.yaaic
https://api.github.com/repos/yeriomin/YalpStore,com.github.yeriomin.yalpstore
https://api.github.com/repos/ge0rg/yaxim,org.yaxim.androidclient
https://api.github.com/repos/thuryn/your-local-weather,org.thosp.yourlocalweather
https://api.github.com/repos/ghisguth/sunlight,com.ghisguth.sun
https://api.github.com/repos/Yubico/yubiclip-android,com.yubico.yubiclip
https://api.github.com/repos/Yubico/yubioath-android,com.yubico.yubioath
https://api.github.com/repos/ka-ba/yucata.envoy,kaba.yucata.envoy
https://api.github.com/repos/zoff99/zanavi,com.zoffcc.applications.zanavi
https://api.github.com/repos/cemrich/zapp,de.christinecoenen.code.zapp
https://api.github.com/repos/ngbvol/Zensuren,com.app.Zensuren
https://api.github.com/repos/ianmcxa/ZephyrLogger,org.mcxa.zephyrlogger
https://api.github.com/repos/bfabiszewski/ulogger-android,net.fabiszewski.ulogger
https://api.github.com/repos/ligi/etheremote,org.ligi.etheremote
https://api.github.com/repos/bronydell/MGKE_Android_App,ru.equestriadev.mgke
https://api.github.com/repos/adavari/Todoer,atitel.com.todoer
https://api.github.com/repos/Telegram-FOSS-Team/Telegram-FOSS,org.telegram.messenger
https://api.github.com/repos/richardchien/clear-weather-android,im.r_c.android.clearweather
