com.termux.api;2015-07-03T00:57:59Z;2018-04-19T18:32:16Z
com.thermatk.android.xf.fakegapps;2015-06-07T11:48:29Z;2018-04-16T15:09:55Z
cz.antecky.netswitch;2015-04-24T05:08:57Z;2018-04-24T07:21:23Z
com.jereksel.libresubstratum;2017-01-21T21:55:26Z;2018-04-20T06:42:49Z
subreddit.android.appstore;2016-09-03T00:31:22Z;2018-04-15T14:49:05Z
de.j4velin.systemappmover;2013-11-20T16:59:55Z;2018-03-29T22:41:20Z
io.github.lonamiwebs.klooni;2017-01-31T11:33:00Z;2018-04-13T01:15:45Z
com.uberspot.a2048;2014-03-14T13:45:21Z;2018-04-18T14:26:51Z
nerd.tuxmobil.fahrplan.camp;2011-07-14T17:27:26Z;2018-02-03T05:35:11Z
nerd.tuxmobil.fahrplan.congress;2011-07-14T17:27:26Z;2018-02-03T05:35:11Z
org.ligi.fahrplan;2014-11-30T22:57:56Z;2016-12-30T02:16:10Z
org.ligi.scr;2014-12-03T21:02:56Z;2017-12-05T17:44:31Z
tf.nox.wifisetup;2015-08-05T20:21:02Z;2017-12-27T13:22:30Z
info.metadude.android.congress.schedule;2017-05-11T23:50:39Z;2018-04-15T12:48:39Z
de.k3b.android.androFotoFinder;2015-07-27T19:37:06Z;2018-04-20T20:56:03Z
com.markuspage.android.atimetracker;2013-07-30T18:18:53Z;2018-04-08T08:35:51Z
a2dp.Vol;2015-03-14T12:36:40Z;2018-03-12T23:43:41Z
aarddict.android;2010-10-18T13:45:18Z;2018-03-19T08:13:12Z
ch.bailu.aat;2015-11-29T11:50:36Z;2018-04-19T08:33:46Z
com.greenaddress.abcore;2016-01-06T23:28:10Z;2018-04-22T12:07:54Z
de.we.acaldav;2015-01-14T20:15:37Z;2018-03-03T10:34:15Z
me.dbarnett.acastus;2016-07-26T22:10:13Z;2018-03-09T18:42:36Z
org.billthefarmer.accordion;2013-05-04T19:59:53Z;2018-04-07T23:21:54Z
anupam.acrylic;2014-07-13T09:10:02Z;2018-04-18T09:52:32Z
de.rampro.activitydiary;2017-10-22T14:14:28Z;2018-04-22T16:23:52Z
de.szalkowski.activitylauncher;2014-02-17T19:00:28Z;2018-04-09T14:22:04Z
ch.abertschi.adfree;2017-04-15T15:44:19Z;2018-04-22T23:36:11Z
org.adaway;2012-07-15T15:34:47Z;2018-04-23T20:28:46Z
com.matoski.adbm;2013-07-30T15:55:49Z;2018-04-18T18:22:07Z
org.dgtale.icsimport;2013-11-03T20:32:48Z;2018-04-07T23:22:30Z
me.danielbarnett.addresstogps;2015-10-24T03:59:21Z;2018-03-21T22:54:43Z
com.davidshewitt.admincontrol;2018-02-25T01:00:46Z;2018-04-19T00:12:24Z
org.adw.launcher;2010-03-16T10:45:33Z;2018-03-25T18:04:27Z
com.games.boardgames.aeonsend;2017-10-05T12:24:25Z;2018-03-30T15:42:03Z
io.github.phora.aeondroid;2015-09-14T06:40:21Z;2017-08-19T13:53:26Z
org.afhdownloader;2016-07-04T05:19:00Z;2018-03-24T17:56:51Z
com.freerdp.afreerdp;2011-06-30T19:14:15Z;2018-04-24T12:38:48Z
dev.ukanth.ufirewall;2012-10-27T13:20:30Z;2018-04-23T16:13:14Z
us.achromaticmetaphor.agram;2014-09-15T02:28:44Z;2017-07-24T06:34:06Z
systems.byteswap.aiproute;2015-08-28T14:21:35Z;2018-02-22T07:59:45Z
tw.qtlin.mac.airunlocker;2016-07-11T04:33:37Z;2018-04-01T15:00:14Z
dulleh.akhyou.fdroid;PAGE_INEXISTENT;PAGE_INEXISTENT
com.angrydoughnuts.android.alarmclock;2015-11-01T21:01:24Z;2018-04-04T14:49:49Z
cz.jiriskorpil.amixerwebui;2016-10-20T20:30:35Z;2018-04-22T09:58:10Z
com.tomer.alwayson;2016-06-10T18:53:42Z;2018-03-24T17:57:36Z
tomer.com.alwaysonamoledplugin;2016-06-25T20:02:39Z;2017-05-25T15:44:28Z
com.amaze.filemanager;2014-07-14T19:47:53Z;2018-04-24T13:35:41Z
com.sound.ampache;2014-08-31T06:35:56Z;2017-12-29T02:44:34Z
org.ametro;2015-03-16T07:43:51Z;2018-02-16T06:12:45Z
kiwi.root.an2linuxclient;2017-01-02T17:28:35Z;2018-03-20T07:42:35Z
com.example.root.analyticaltranslator;PAGE_INEXISTENT;PAGE_INEXISTENT
net.bible.android.activity;2011-09-26T21:24:29Z;2018-04-21T18:02:33Z
li.klass.fhem;2012-01-05T09:00:35Z;2018-04-14T12:30:21Z
org.xapek.andiodine;2014-01-11T17:40:05Z;2018-04-19T07:47:45Z
com.gpl.rpg.AndorsTrail;2013-09-19T16:18:21Z;2018-04-09T16:03:34Z
org.shadowice.flocke.andotp;2017-07-05T11:39:52Z;2018-04-24T13:10:28Z
com.fr3ts0n.ecu.gui.androbd;2015-05-23T13:27:35Z;2018-04-21T18:37:29Z
io.github.benoitduffez.cupsprint;2015-06-05T08:34:28Z;2018-04-09T07:20:25Z
com.iamtrk.androidexplorer;2016-09-19T08:24:22Z;2018-04-05T13:55:45Z
uk.co.bitethebullet.android.token;2015-03-13T22:51:40Z;2018-03-12T21:41:57Z
org.androidpn.client;2016-02-18T02:39:02Z;2018-04-18T13:28:40Z
android.androidVNC;2015-07-16T16:44:49Z;2018-03-21T22:20:29Z
io.github.phora.androptpb;2015-09-14T06:47:16Z;2017-01-07T13:26:59Z
net.tedstein.AndroSS;2010-12-17T09:59:19Z;2017-02-04T09:44:55Z
org.andstatus.app;2011-12-23T13:33:25Z;2018-04-23T13:45:50Z
io.gresse.hugo.anecdote;2016-02-13T22:57:17Z;2018-03-18T07:34:00Z
gq.nulldev.animeopenings.app;2015-11-18T00:46:43Z;2017-07-28T10:35:27Z
com.ichi2.anki;2013-01-20T13:55:53Z;2018-04-24T02:20:23Z
de.ktran.anno1404warenrechner;2017-04-10T01:55:22Z;2018-03-18T13:58:47Z
de.digisocken.anotherrss;2017-07-21T13:02:44Z;2018-04-13T20:23:17Z
org.anothermonitor;2015-03-26T23:58:09Z;2018-04-24T02:27:07Z
An.stop;2015-08-01T15:12:47Z;2016-05-05T12:57:52Z
de.danoeh.antennapod;2012-07-31T10:25:08Z;2018-04-24T13:22:09Z
ch.logixisland.anuto;2015-03-03T14:18:41Z;2018-04-22T15:31:12Z
org.liberty.android.fantastischmemo;2010-04-19T14:08:22Z;2018-04-20T20:55:45Z
com.menny.android.anysoftkeyboard;2012-04-18T12:38:01Z;2018-04-23T03:06:36Z
com.anysoftkeyboard.languagepack.french;2012-05-09T09:29:20Z;2018-01-31T19:17:16Z
com.anysoftkeyboard.languagepack.dutch;2012-05-09T09:29:20Z;2018-01-31T19:17:16Z
com.anysoftkeyboard.languagepack.basque;2012-05-09T09:29:20Z;2018-01-31T19:17:16Z
com.anysoftkeyboard.languagepack.brazilian;2012-05-09T09:29:20Z;2018-01-31T19:17:16Z
org.herrlado.ask.languagepack.czech;2012-05-09T09:29:20Z;2018-01-31T19:17:16Z
com.menny.anysoftkeyboard.finnish;2012-05-09T09:29:20Z;2018-01-31T19:17:16Z
com.anysoftkeyboard.languagepack.german;2012-05-09T09:29:20Z;2018-01-31T19:17:16Z
com.anysoftkeyboard.languagepack.greek;2012-05-09T09:29:20Z;2018-01-31T19:17:16Z
com.anysoftkeyboard.languagepack.hebrew;2012-05-09T09:29:20Z;2018-01-31T19:17:16Z
com.anysoftkeyboard.languagepack.icelandic;2012-05-09T09:29:20Z;2018-01-31T19:17:16Z
com.anysoftkeyboard.languagepack.italian;2012-05-09T09:29:20Z;2018-01-31T19:17:16Z
com.anysoftkeyboard.languagepack.latvian;2012-05-09T09:29:20Z;2018-01-31T19:17:16Z
com.anysoftkeyboard.languagepack.macedonian;2012-05-09T09:29:20Z;2018-01-31T19:17:16Z
com.anysoftkeyboard.languagepack.neo;2015-09-10T15:57:10Z;2018-02-27T04:26:23Z
com.anysoftkeyboard.languagepack.norwegian;2012-05-09T09:29:20Z;2018-01-31T19:17:16Z
com.anysoftkeyboard.languagepack.portuguese;2012-05-09T09:29:20Z;2018-01-31T19:17:16Z
com.anysoftkeyboard.languagepack.slovene;2012-05-09T09:29:20Z;2018-01-31T19:17:16Z
com.anysoftkeyboard.languagepack.spain;2012-05-09T09:29:20Z;2018-01-31T19:17:16Z
com.anysoftkeyboard.languagepack.swedish;2012-05-09T09:29:20Z;2018-01-31T19:17:16Z
com.anysoftkeyboard.languagepack.tatar;2012-05-09T09:29:20Z;2018-01-31T19:17:16Z
com.anysoftkeyboard.languagepack.ukrainian;2012-05-09T09:29:20Z;2018-01-31T19:17:16Z
com.anysoftkeyboard.languagepack.russian2;2012-05-09T09:29:20Z;2018-01-31T19:17:16Z
axp.tool.apkextractor;2015-03-16T06:41:18Z;2018-04-13T09:06:58Z
fr.kwiatkowski.ApkTrack;2015-02-15T08:44:56Z;2018-04-24T12:42:15Z
com.simplemobiletools.applauncher;2016-08-06T19:39:16Z;2018-04-11T09:42:59Z
org.microg.nlp.backend.apple;2014-03-11T18:41:30Z;2018-04-07T23:28:10Z
com.majeur.applicationsinfo;2015-04-03T20:45:06Z;2018-04-10T18:13:44Z
cx.hell.android.pdfview;2015-04-29T21:19:43Z;2017-02-23T15:53:43Z
com.jtmcn.archwiki.viewer;2012-09-22T22:58:27Z;2018-04-07T23:29:03Z
com.commonsware.android.arXiv;2015-03-23T00:14:17Z;2018-04-10T01:58:11Z
com.dozingcatsoftware.asciicam;2012-02-12T19:51:34Z;2018-03-29T11:21:49Z
de.lsubel.amam;2016-03-31T21:41:45Z;2018-02-10T01:14:57Z
org.asteroidos.sync;2016-06-06T10:37:55Z;2018-04-23T17:47:45Z
org.tamanegi.atmosphere;2011-10-15T11:26:56Z;2017-01-26T07:49:03Z
indrora.atomic;2014-02-08T06:38:30Z;2018-03-08T16:23:36Z
net.nullsum.audinaut;2016-12-18T16:49:06Z;2018-04-24T05:04:11Z
com.quaap.audiometer;2016-11-18T13:49:51Z;2018-04-07T08:17:23Z
ut.ewh.audiometrytest;2014-04-13T07:45:30Z;2018-02-12T02:16:13Z
com.rascarlo.aurdroid;2017-05-30T20:22:57Z;2018-04-15T09:30:42Z
net.tjado.passwdsafe;2016-09-28T14:48:32Z;2018-04-11T23:45:48Z
org.miamplayer.autoairplanemode;2017-02-21T22:23:44Z;2018-03-20T19:26:15Z
com.dosse.chromiumautoupdater;2016-10-27T14:20:13Z;2018-04-22T05:51:25Z
com.teamdc.stephendiniz.autoaway;2013-04-01T03:02:00Z;2017-08-25T12:19:47Z
com.wolas.awesomewallpaper;2016-03-31T10:02:37Z;2018-03-17T04:31:06Z
protect.babysleepsounds;2016-01-21T19:59:53Z;2018-03-25T13:45:54Z
fr.hnit.babyname;2016-06-05T10:36:12Z;2017-11-10T15:38:26Z
com.pavelsikun.runinbackgroundpermissionsetter;2017-07-16T16:58:05Z;2018-04-07T23:31:54Z
tk.al54.dev.badpixels;2015-05-18T11:29:25Z;2018-04-07T23:32:24Z
de.mangelow.balance;2013-11-25T16:51:42Z;2017-08-02T12:03:05Z
com.liato.bankdroid;2010-04-19T16:51:55Z;2018-04-07T17:25:20Z
com.google.zxing.client.android;2011-10-12T14:07:27Z;2018-04-24T10:48:42Z
net.szym.barnacle;2010-07-03T05:53:39Z;2018-04-11T14:59:53Z
com.dougkeen.bart;2012-09-26T00:50:48Z;2018-01-15T06:19:08Z
org.basketbuilddownloader;2016-04-24T05:48:18Z;2017-12-30T21:06:38Z
org.jfet.batsHIIT;2013-07-27T17:21:31Z;2018-04-24T06:12:36Z
com.slash.batterychargelimit;2017-03-18T04:39:17Z;2018-04-20T00:42:04Z
com.enrico.earthquake.batterysimplysolid;2016-11-09T18:56:46Z;2018-04-07T23:38:07Z
com.darshancomputing.BatteryIndicator;2012-01-15T07:15:23Z;2017-09-15T17:48:59Z
com.darshancomputing.BatteryIndicatorPro;2012-01-11T05:40:59Z;2018-04-20T20:56:04Z
com.samebits.beacon.locator;2015-12-18T11:48:25Z;2018-04-16T10:37:00Z
com.knirirr.beecount;2014-05-05T21:01:01Z;2018-04-22T20:22:00Z
com.vlath.keyboard;2017-06-28T13:21:02Z;2018-04-16T07:03:13Z
com.vlath.beheexplorer;2016-02-10T17:06:10Z;2018-03-22T13:12:46Z
org.berlin_vegan.bvapp;2015-04-09T17:55:44Z;2018-01-29T01:36:27Z
com.javiersantos.whatsappbetaupdater;2015-04-04T11:20:59Z;2018-04-06T06:47:52Z
de.arnefeil.bewegungsmelder;2013-10-24T21:25:33Z;2017-11-15T08:58:46Z
org.bienvenidoainternet.app;2016-04-07T21:57:06Z;2016-12-29T23:58:54Z
com.biglybt.android.client;2017-08-15T18:21:54Z;2018-04-13T06:26:17Z
ml.adamsprogs.bimba;2017-02-27T18:17:18Z;2018-04-23T09:30:35Z
com.ihunda.android.binauralbeat;2010-12-19T14:45:05Z;2018-04-07T23:39:22Z
net.iexos.musicalarm;2015-11-27T19:13:58Z;2018-04-17T05:12:33Z
org.birthdayadapter;2012-07-15T15:44:07Z;2018-04-24T10:10:56Z
saschpe.contactevents;2016-11-18T08:15:19Z;2018-04-22T10:49:53Z
com.btcontract.wallet;2015-07-15T17:22:15Z;2018-04-20T13:51:15Z
de.schildbach.wallet;2012-03-31T17:06:47Z;2018-04-24T12:04:32Z
de.schildbach.wallet_test;2012-03-31T17:06:47Z;2018-04-24T12:04:32Z
de.bitsharesmunich.wallet;2016-02-24T13:15:33Z;2018-04-10T12:03:43Z
org.ligi.blexplorer;2015-04-11T20:44:32Z;2017-12-22T19:39:33Z
de.grobox.blitzmail;2013-03-29T16:12:48Z;2018-03-30T15:51:50Z
org.blockinger.game;2013-04-05T16:07:23Z;2018-04-11T10:21:28Z
org.blokada.alarm;2016-11-19T14:52:07Z;2018-04-24T07:15:51Z
org.scoutant.blokish;2011-04-20T13:31:53Z;2018-04-12T16:49:28Z
de.baumann.thema;2015-10-10T20:20:25Z;2017-11-30T23:16:34Z
com.hermit.btreprap;2011-11-11T16:08:34Z;2018-04-19T17:56:02Z
ru.sash0k.bluetooth_terminal;2014-03-25T13:26:54Z;2018-04-07T23:42:24Z
net.bluetoothviewer;2013-05-09T06:25:30Z;2018-04-23T01:55:56Z
com.hexad.bluezime;2015-05-03T16:48:59Z;2017-07-30T16:50:09Z
cxa.lineswallpaper;2012-12-28T08:36:24Z;2018-04-07T23:43:41Z
com.zola.bmi;2014-01-25T02:47:18Z;2018-03-22T02:20:20Z
org.bobstuff.bobball;2012-03-11T16:55:42Z;2018-02-11T16:20:22Z
mobi.boilr.boilr;2014-07-19T15:37:59Z;2018-04-23T00:51:35Z
org.beide.bomber;2012-06-02T16:51:13Z;2017-12-04T05:01:02Z
me.johnmh.boogdroid;2015-12-28T18:00:33Z;2017-11-22T05:54:35Z
com.eleybourn.bookcatalogue;2010-04-17T04:00:16Z;2018-04-24T13:57:44Z
com.totsp.bookworm;2015-03-15T14:36:16Z;2017-12-18T21:05:31Z
com.quaap.bookymcbookface;2017-09-19T23:28:51Z;2018-04-14T15:04:04Z
btools.routingapp;2014-01-13T14:36:15Z;2018-04-11T14:55:23Z
com.nkanaev.comics;2015-05-09T15:51:12Z;2018-04-20T15:50:33Z
net.androgames.level;2012-09-23T05:18:40Z;2018-02-14T16:58:29Z
com.notriddle.budget;2013-07-10T22:10:06Z;2018-02-10T21:37:50Z
protect.budgetwatch;2016-01-16T15:07:43Z;2018-04-17T07:59:34Z
me.alexghr.bulkshare.android.app2;2014-09-22T18:48:20Z;2018-02-12T05:29:23Z
ru.meefik.busybox;2015-10-04T19:37:26Z;2018-04-22T15:32:39Z
de.c3nav.droid;PAGE_INEXISTENT;PAGE_INEXISTENT
info.guardianproject.cacert;2011-09-01T14:16:44Z;2018-04-07T23:45:07Z
com.frozendevs.cache.cleaner;2013-11-06T12:42:11Z;2018-04-21T00:57:23Z
info.zwanenburg.caffeinetile;2016-11-27T18:50:00Z;2018-03-24T18:10:33Z
com.simplemobiletools.calculator;2015-12-24T11:03:10Z;2018-04-21T11:56:31Z
com.xlythe.calculator.material;2012-06-16T19:33:18Z;2018-04-07T23:51:59Z
com.android2.calculator3;2012-06-16T19:33:18Z;2018-04-07T23:51:59Z
com.simplemobiletools.calendar;2016-01-26T21:02:54Z;2018-04-24T13:41:14Z
ch.ihdg.calendarcolor;2014-11-22T16:31:05Z;2017-09-26T16:29:08Z
de.k3b.android.calendar.ics.adapter;2014-03-21T23:08:55Z;2018-01-30T21:53:42Z
org.sufficientlysecure.ical;2012-07-25T11:21:25Z;2018-03-28T04:13:01Z
com.github.quarck.calnotify;2016-02-07T22:56:17Z;2018-04-13T09:48:17Z
uk.co.yahoo.p1rpp.calendartrigger;2015-12-16T19:59:51Z;2018-04-13T17:54:48Z
com.plusonelabs.calendar;2012-05-13T15:37:45Z;2018-04-18T08:32:05Z
es.usc.citius.servando.calendula;2013-12-03T10:50:25Z;2018-04-24T13:57:35Z
ryey.camcov;2016-07-22T11:21:03Z;2017-07-21T05:56:14Z
com.simplemobiletools.camera;2016-04-12T20:26:05Z;2018-04-23T21:04:47Z
us.koller.cameraroll;2017-01-05T09:35:27Z;2018-04-23T15:23:59Z
com.dozingcatsoftware.cameratimer;2011-08-21T20:41:38Z;2018-01-29T06:40:33Z
se.tube42.kidsmem.android;2015-01-04T13:40:00Z;2018-04-18T21:57:21Z
org.toulibre.capitoledulibre;2015-10-31T09:04:53Z;2017-12-22T23:34:33Z
com.juliansparber.captiveportallogin;PAGE_INEXISTENT;PAGE_INEXISTENT
com.jadn.cc;2010-01-03T01:43:45Z;2017-12-23T08:09:09Z
com.dfzlv.gjjlt.caramelos;2017-09-20T11:44:39Z;2017-09-28T08:47:02Z
com.agateau.catgenerator;2016-12-04T18:57:08Z;2018-04-07T18:45:24Z
com.ridgelineapps.resdicegame;2017-07-02T13:45:01Z;2018-03-11T20:42:48Z
uk.co.busydoingnothing.catverbs;2014-08-11T15:52:59Z;2017-05-10T19:40:00Z
com.markuspage.android.certtools;2011-07-19T09:38:27Z;2018-04-19T17:56:43Z
com.chanapps.four.activity;2012-09-13T14:11:12Z;2018-03-24T18:11:16Z
com.googlecode.chartdroid;2015-03-29T21:42:44Z;2018-02-27T08:16:33Z
org.zephyrsoft.checknetwork;2014-01-11T20:21:32Z;2018-04-02T16:49:14Z
info.guardianproject.checkey;2014-06-16T22:41:22Z;2018-03-16T21:47:59Z
de.live.gdev.cherrymusic;2015-06-13T00:17:22Z;2017-12-14T12:26:04Z
com.jmstudios.chibe;2016-11-21T21:02:45Z;2018-03-31T06:18:35Z
com.dkanada.chip;2017-12-16T07:02:32Z;2018-04-16T19:01:00Z
net.pmarks.chromadoze;2015-03-15T00:49:44Z;2018-04-04T19:41:22Z
chromiumupdater.bamless.com.chromiumsweupdater;2017-05-09T07:44:52Z;2018-02-22T01:00:12Z
com.nathanosman.chronosnap;2015-05-03T04:27:09Z;2018-02-21T13:09:39Z
us.lindanrandy.cidrcalculator;2014-06-23T15:44:36Z;2018-03-31T12:29:29Z
com.cityzen.cityzen;2017-07-11T10:19:59Z;2018-04-04T16:46:10Z
com.emmaguy.cleanstatusbar;2014-09-07T16:37:20Z;2018-04-22T01:22:09Z
douzifly.list;2015-11-17T05:56:38Z;2018-03-30T19:57:31Z
de.qspool.clementineremote;2013-12-06T08:49:25Z;2018-04-13T08:07:56Z
com.catchingnow.tinyclipboardmanager;2014-12-14T16:20:42Z;2018-04-24T09:44:21Z
com.simplemobiletools.clock;2018-02-27T22:29:23Z;2018-04-24T06:14:22Z
community.fairphone.clock;2017-04-28T10:09:30Z;2018-01-12T08:48:31Z
com.philliphsu.clock2;2016-09-23T08:49:43Z;2018-04-24T04:30:41Z
org.floens.chan;2014-04-08T13:49:24Z;2018-04-23T02:38:45Z
com.joshtwigg.cmus.droid;2014-02-03T01:17:57Z;2018-03-25T15:07:20Z
com.enrico.sample;2016-12-10T22:32:36Z;2017-12-21T14:25:41Z
eu.veldsoft.colors.overflow;2015-08-06T11:46:25Z;2017-08-02T15:22:41Z
com.mschlauch.comfortreader;2015-02-14T19:39:53Z;2018-04-23T09:44:55Z
fr.free.nrw.commons;2015-09-07T05:23:27Z;2018-04-23T21:14:17Z
com.commonslab.commonslab;2017-02-21T09:34:12Z;2017-11-10T10:25:45Z
org.wikimedia.commons.wikimedia;2017-02-21T09:34:12Z;2017-11-10T10:25:45Z
net.micode.compass;2011-12-29T12:56:39Z;2018-04-09T05:46:22Z
org.dyndns.fules.ck;2016-02-21T18:26:52Z;2016-02-21T18:27:38Z
eu.veldsoft.complica4;2015-09-01T12:59:44Z;2017-08-02T15:11:19Z
com.quaap.computationaldemonology;2016-12-13T17:32:23Z;2018-02-21T14:24:04Z
raele.concurseiro;PAGE_INEXISTENT;PAGE_INEXISTENT
org.connectbot;2009-02-06T17:52:35Z;2018-04-22T21:22:48Z
com.simplemobiletools.contacts;2017-12-10T09:07:15Z;2018-04-24T06:14:27Z
de.k3b.android.contentproviderhelper;2015-05-28T09:57:36Z;2018-03-23T02:30:02Z
eu.siacs.conversations;2014-01-24T01:07:34Z;2018-04-24T13:55:47Z
eu.siacs.conversations.legacy;2014-01-24T01:07:34Z;2018-04-24T13:55:47Z
se.johanhil.clipboard;2010-08-07T13:46:50Z;2018-03-18T01:10:32Z
es.esy.CosyDVR;2013-07-01T19:31:50Z;2018-03-21T19:43:50Z
me.tsukanov.counter;PAGE_INEXISTENT;PAGE_INEXISTENT
com.bmco.cratesiounofficial;2017-11-15T13:58:38Z;2017-12-06T07:08:45Z
de.stephanlindauer.criticalmaps;2014-08-12T14:42:12Z;2018-03-28T08:24:31Z
com.alaskalinuxuser.criticalvelocity;2017-06-09T19:32:43Z;2018-04-07T23:45:52Z
it.faerb.crond;2017-04-27T11:02:34Z;2018-03-11T20:10:25Z
org.billthefarmer.crossword;2017-01-20T19:00:47Z;2018-04-18T19:59:47Z
org.nick.cryptfs.passwdmanager;2012-08-01T14:20:10Z;2018-04-08T04:53:41Z
me.echeung.cdflabs;2014-07-01T16:06:22Z;2018-03-18T13:54:40Z
org.csploit.android;2014-10-04T05:53:29Z;2018-04-23T22:07:30Z
org.ninthfloor.copperpdf;2017-02-04T16:22:19Z;2018-04-23T23:45:59Z
org.billthefarmer.currency;2016-11-27T16:14:32Z;2018-04-22T13:47:35Z
com.github.cythara;2017-05-17T16:07:28Z;2018-04-21T13:18:54Z
com.hasi.hasid00r;2014-10-04T15:06:46Z;2018-03-18T13:39:02Z
org.nutritionfacts.dailydozen;2016-02-26T19:04:04Z;2018-04-24T11:40:22Z
com.github.dfa.diaspora_android;2016-03-03T16:46:23Z;2018-04-10T11:22:24Z
de.hampager.dapnetmobile;2017-05-09T11:52:26Z;2018-04-13T12:39:11Z
jp.takke.datastats;2015-02-09T10:08:58Z;2018-04-09T15:36:11Z
com.tomer.dbz.widget;2015-12-10T19:20:01Z;2018-02-04T18:58:40Z
net.czlee.debatekeeper;2013-07-27T01:47:22Z;2017-12-12T21:24:36Z
de.mangelow.debdroid;2013-07-13T11:02:56Z;2018-02-23T11:35:27Z
com.lucasdnd.decimaltimeclockwidget;2014-09-12T19:01:21Z;2018-03-28T19:05:58Z
ir.hsn6.defendo;2017-06-04T11:00:18Z;2018-04-05T00:36:39Z
com.b44t.messenger;2016-07-03T07:32:36Z;2018-04-24T12:46:14Z
com.workingagenda.democracydroid;2015-01-22T02:09:06Z;2018-03-25T16:12:20Z
de.naturalnet.zahnarztgeraeusche;2015-12-07T12:03:24Z;2015-12-30T19:20:12Z
org.asnelt.derandom;2015-03-12T23:52:40Z;2017-08-24T20:16:52Z
com.workingagenda.devinettes;2015-02-10T01:56:22Z;2018-03-27T11:21:06Z
com.matejdro.pebbledialer;2013-10-15T18:02:39Z;2018-04-02T20:32:18Z
org.billthefarmer.diary;2017-04-28T12:20:11Z;2018-04-21T07:38:08Z
com.voidcode.diasporawebclient;2011-11-29T18:32:46Z;2017-04-18T16:12:07Z
com.javierllorente.adc;2016-01-21T00:41:03Z;2016-02-07T23:42:45Z
org.secuso.privacyfriendlyyahtzeedicer;2016-01-21T11:18:40Z;2018-02-17T06:12:01Z
org.secuso.privacyfriendlydicer;2015-08-31T17:26:36Z;2018-04-16T11:27:58Z
giraffine.dimmer;2013-07-23T03:29:14Z;2018-04-17T18:20:19Z
in.shick.diode;2012-03-12T04:40:16Z;2018-04-22T00:05:15Z
com.fullscreen;2015-09-10T01:21:49Z;2018-01-09T16:04:40Z
com.veniosg.dir;2012-05-10T20:23:30Z;2018-04-22T20:11:36Z
fr.herverenault.directdictaphone;PAGE_INEXISTENT;PAGE_INEXISTENT
ca.cmetcalfe.xposed.disablebatterywarnings;2017-04-05T00:08:51Z;2018-04-07T13:25:02Z
com.google.android.diskusage;2015-07-13T05:15:02Z;2018-04-05T13:40:24Z
to.networld.android.divedroid;2012-04-15T20:47:20Z;2016-05-11T02:15:42Z
io.github.otakuchiyan.dnsman;2015-04-30T13:26:12Z;2018-04-19T15:13:27Z
org.jak_linux.dns66;2016-10-15T15:27:17Z;2018-04-23T16:05:51Z
com.yassirh.digitalocean;2013-12-02T18:02:57Z;2018-04-24T07:17:21Z
org.sufficientlysecure.viewer;2013-07-03T10:05:08Z;2018-04-24T10:14:31Z
com.quaap.dodatheexploda;2017-03-24T23:22:14Z;2018-04-05T00:31:44Z
org.dolphinemu.dolphinemu;2013-07-22T09:07:57Z;2018-04-24T11:51:12Z
org.domogik.domodroid13;2013-06-21T07:15:24Z;2017-12-04T13:22:43Z
us.bravender.android.dongsa;2008-07-26T15:13:17Z;2018-04-21T03:31:19Z
net.iowaline.dotdash;2015-05-05T11:42:03Z;2018-03-06T03:53:17Z
com.simplemobiletools.draw;2016-02-14T20:55:43Z;2018-04-12T07:03:55Z
fr.masciulli.drinks;2013-10-22T16:33:44Z;2018-04-12T17:41:04Z
com.rastating.droidbeard;2014-08-09T23:17:52Z;2018-03-04T21:55:10Z
org.petero.droidfish;2015-03-13T21:14:20Z;2018-04-22T14:44:58Z
nl.asymmetrics.droidshows;2015-07-28T00:36:35Z;2018-04-06T15:44:24Z
de.delusions.measure;2015-03-13T08:03:36Z;2017-11-25T05:07:07Z
com.shurik.droidzebra;2015-03-22T04:14:26Z;2018-04-15T20:38:56Z
se.tube42.drum.android;2014-11-16T18:03:47Z;2018-04-05T00:12:59Z
ro.ciubex.dscautorename;2015-03-25T15:50:26Z;2018-04-16T06:44:43Z
github.daneren2005.dsub;2012-07-03T04:03:18Z;2018-04-23T22:49:34Z
it.mobimentum.dualsimwidget;2014-09-22T18:50:55Z;2016-12-03T08:18:19Z
se.johanhil.duckduckgo;2010-06-03T08:56:36Z;2017-11-30T12:14:56Z
com.duckduckgo.mobile.android;2017-01-13T17:11:25Z;2018-04-24T13:59:29Z
com.github.yeriomin.dumbphoneassistant;2016-01-12T04:05:23Z;2018-04-05T00:14:17Z
com.vadimfrolov.duorem;2017-04-20T11:40:02Z;2018-03-11T20:17:38Z
de.quaddyservices.dynamicnightlight;2014-01-06T18:05:49Z;2018-02-23T11:39:14Z
com.wabadaba.dziennik;2017-06-29T13:36:32Z;2018-03-31T14:57:08Z
org.fitchfamily.android.dejavu;2017-12-05T15:38:21Z;2018-04-03T02:01:17Z
pk.contender.earmouse;2014-10-21T19:01:20Z;2018-03-24T20:18:56Z
ryey.easer;2016-03-06T11:34:36Z;2018-04-24T13:00:47Z
de.tap.easy_xkcd;2015-07-23T10:51:08Z;2018-04-23T13:51:09Z
org.freshrss.easyrss;2014-02-23T10:12:47Z;2018-03-17T13:25:49Z
eu.mrogalski.saidit;2014-10-29T03:02:01Z;2018-04-18T05:35:40Z
org.billthefarmer.editor;2017-07-08T16:06:55Z;2018-03-28T02:00:39Z
name.myigel.fahrplan.eh17;2017-04-11T15:44:29Z;2017-04-13T05:43:19Z
com.ultramegatech.ey;2012-06-24T03:27:03Z;2018-04-22T19:22:40Z
koeln.mop.elpeefpe;2016-07-03T22:55:32Z;2016-08-19T10:09:29Z
ru.henridellal.emerald;2017-09-15T09:15:37Z;2018-04-22T23:03:39Z
hr.kravarscan.enchantedfortress;2017-05-21T16:56:54Z;2018-04-23T16:50:34Z
pl.hypeapp.endoscope;2016-07-04T16:50:17Z;2018-04-23T08:00:52Z
de.vanitasvitae.enigmandroid;2015-02-04T19:42:18Z;2018-04-05T00:19:13Z
com.nutomic.ensichat;2014-10-03T10:04:49Z;2018-04-12T07:15:07Z
ca.pr0ps.xposed.entrustunblocker;2014-10-07T03:32:19Z;2018-04-05T00:20:16Z
org.epstudios.epmobile;2011-08-16T01:45:34Z;2018-03-27T12:21:27Z
org.jamienicol.episodes;2012-12-12T22:55:24Z;2017-03-12T04:03:31Z
com.llamacorp.equate;2014-04-25T03:58:31Z;2018-03-18T14:42:42Z
de.clemensbartz.android.launcher;2015-09-24T12:08:49Z;2018-04-23T03:58:30Z
ws.xsoh.etar;2015-09-04T07:33:25Z;2018-04-22T14:12:45Z
it.eternitywall.eternitywall;2015-09-02T13:04:27Z;2017-09-07T01:35:07Z
com.etesync.syncadapter;2017-02-21T12:45:34Z;2018-04-18T11:58:53Z
com.evenement.encapsulation;2017-11-14T15:07:11Z;2017-11-14T15:19:34Z
fr.librinfo.evecontrol2;2017-11-14T15:07:11Z;2017-11-14T15:19:34Z
de.pinyto.exalteddicer;2014-05-19T10:57:28Z;2016-06-09T11:02:52Z
org.eu.exodus_privacy.exodusprivacy;2018-02-25T14:14:21Z;2018-04-21T12:28:37Z
com.github.gianlucanitti.expreval;2016-11-11T22:01:32Z;2018-03-05T20:55:23Z
org.kost.externalip;2015-03-15T07:34:39Z;2018-04-05T00:05:46Z
mbmb5.lumixextendedcontrolapp;2016-12-22T22:35:51Z;2018-02-23T22:10:13Z
org.indywidualni.fblite;2015-01-07T10:51:32Z;2018-04-23T08:11:32Z
com.gabm.fancyplaces;2015-05-27T12:27:28Z;2018-02-21T19:30:02Z
org.ligi.fast;2012-08-16T10:02:56Z;2018-04-14T11:53:08Z
org.fastergps;2012-07-15T15:38:53Z;2018-04-05T00:06:43Z
com.fastaccess.github.libre;2017-04-07T10:48:10Z;2018-04-22T03:45:02Z
link.standen.michael.fatesheets;2017-04-05T07:42:28Z;2018-04-05T00:07:35Z
eu.devunit.fb_client;2015-01-04T23:30:31Z;2018-04-11T21:09:07Z
org.geometerplus.zlibrary.ui.android;2010-09-29T18:35:28Z;2018-04-23T14:05:29Z
com.simplemobiletools.filemanager;2016-07-12T20:06:21Z;2018-04-22T22:28:10Z
me.murks.filmchecker;2016-09-04T11:42:15Z;2018-04-17T22:59:06Z
eu.faircode.finegeotag;2015-05-07T14:40:42Z;2017-11-08T16:10:28Z
org.mozilla.klar;2016-12-09T01:31:11Z;2018-04-24T09:33:56Z
eu.veldsoft.fish.rings;2015-01-15T14:31:36Z;2017-08-02T15:25:56Z
com.workingagenda.fissure;2016-08-01T12:00:07Z;2018-01-15T12:45:45Z
com.simplemobiletools.flashlight;2016-01-06T12:32:04Z;2018-04-18T13:39:09Z
ca.cmetcalfe.xposed.flatconnectivityicons;2017-03-29T03:47:45Z;2018-04-22T20:28:17Z
daniel_32.flexiblewallpaper;2016-12-20T21:01:26Z;2017-01-21T02:26:17Z
edu.cmu.cs.speech.tts.flite;2010-03-27T19:32:11Z;2018-04-20T20:46:27Z
ryey.flock;2016-04-03T03:06:55Z;2018-03-25T06:59:17Z
net.fred.feedex;2013-04-23T09:22:14Z;2018-04-09T22:02:38Z
com.oakley.fon;2014-09-28T17:36:10Z;2018-03-30T15:44:22Z
com.iazasoft.footguy;2013-05-21T21:56:58Z;2016-09-01T09:26:43Z
cz.martykan.forecastie;2015-12-24T13:44:16Z;2018-04-19T06:33:32Z
jp.forkhub;2014-10-16T09:27:40Z;2018-04-24T02:13:34Z
org.softeg.slartus.forpdaplus;2014-07-07T03:03:18Z;2018-04-11T23:49:24Z
net.khertan.forrunners;2015-10-10T07:29:24Z;2018-04-21T02:12:07Z
org.legtux.m_316k.fortune;2015-03-09T18:27:38Z;2017-07-06T00:06:45Z
be.digitalia.fosdem;2014-01-14T20:52:08Z;2018-02-27T11:53:40Z
org.fossasia.openevent;2015-05-08T09:04:11Z;2018-04-23T18:42:01Z
org.pixmob.freemobile.netstat;2016-09-06T17:42:12Z;2018-01-12T01:04:34Z
de.saschahlusiak.freebloks;2012-04-13T09:02:54Z;2018-04-21T22:05:28Z
org.freeminer.freeminer;2013-11-26T22:06:31Z;2018-04-17T02:55:02Z
org.fedorahosted.freeotp;2016-10-24T13:23:25Z;2018-04-24T04:34:17Z
org.liberty.android.freeotpplus;2016-05-09T05:44:00Z;2018-04-20T06:43:38Z
de.cwde.freeshisen;2015-03-23T20:50:49Z;2018-04-22T07:44:43Z
com.example.tobiastrumm.freifunkautoconnect;2015-05-06T20:37:59Z;2017-10-25T08:41:42Z
ca.rmen.android.frenchcalendar;2014-07-14T19:08:07Z;2018-04-14T12:42:10Z
com.dkanada.icecons;2017-05-11T17:41:22Z;2018-04-22T12:24:48Z
org.jfedor.frozenbubble;2016-01-10T17:26:44Z;2018-04-15T09:36:05Z
sk.halmi.fbeditplus;2016-05-03T17:02:29Z;2016-12-05T22:20:08Z
be.ppareit.swiftp_free;2012-02-06T09:38:20Z;2018-04-24T03:11:46Z
click.dummer.funphonepuppet;2016-10-09T12:31:59Z;2017-12-20T12:53:02Z
org.cipherdyne.fwknop2;2015-05-31T20:39:32Z;2018-03-15T16:51:12Z
de.baumann.browser;2016-10-22T16:12:49Z;2018-04-22T15:42:40Z
nodomain.freeyourgadget.gadgetbridge;2015-01-05T23:19:03Z;2018-04-24T09:55:47Z
com.murrayc.galaxyzoo.app;2014-07-02T12:19:02Z;2018-03-18T21:26:27Z
com.simplemobiletools.gallery;2016-02-16T21:17:13Z;2018-04-24T13:01:32Z
com.tobykurien.google_news;2011-10-27T14:12:45Z;2018-04-04T23:55:21Z
com.mridang.speedo;2015-10-03T14:16:26Z;2018-01-14T19:36:24Z
org.sugr.gearshift;2014-11-13T19:31:36Z;2018-03-12T12:00:45Z
se.pp.mc.android.Gerberoid;2017-08-09T19:55:43Z;2018-02-26T08:57:11Z
name.seguri.android.getforegroundactivity;2016-08-12T22:07:25Z;2017-08-06T08:39:21Z
com.github.ruleant.getback_gps;2012-12-10T13:00:18Z;2018-04-19T10:16:21Z
com.anddevw.getchromium;2016-03-23T04:16:16Z;2018-04-16T20:49:25Z
at.bitfire.gfxtablet;2013-01-15T05:42:44Z;2018-04-23T00:58:16Z
protect.gift_card_guard;2016-01-24T16:13:32Z;2018-04-14T00:54:43Z
net.gaast.giggity;2016-05-28T19:49:55Z;2018-03-24T20:48:04Z
org.mariotaku.imageviewergl;PAGE_INEXISTENT;PAGE_INEXISTENT
org.zamedev.gloomydungeons2.opensource;2014-11-13T18:07:03Z;2018-03-26T09:12:20Z
at.linuxtage.companion;2015-03-16T20:43:43Z;2018-03-22T19:34:20Z
org.glucosio.android;2015-06-15T06:28:27Z;2018-04-19T09:37:49Z
de.duenndns.gmdice;2011-09-17T17:48:59Z;2018-03-29T10:49:00Z
org.ligi.gobandroid_hd;2009-12-18T23:35:30Z;2018-04-12T13:23:25Z
org.asdtm.goodweather;2015-11-20T08:38:16Z;2018-04-18T13:23:36Z
org.happysanta.gd;2015-08-14T13:42:00Z;2018-04-20T04:25:05Z
com.greenaddress.greenbits_android_wallet;2015-01-21T23:50:15Z;2018-04-20T12:13:59Z
com.greenaddress.greenbits_android_wallet.testnet;2015-01-21T23:50:15Z;2018-04-20T12:13:59Z
it.lucci.cm.greyscaletheme;PAGE_INEXISTENT;PAGE_INEXISTENT
com.wbrenna.gtfsoffline;2013-12-11T17:57:58Z;2018-04-09T14:28:46Z
ru.zxalexis.ugaday;2016-09-29T22:27:03Z;2017-07-03T12:39:55Z
com.goltzkiste.guessaday;2013-02-11T23:52:16Z;2018-03-12T20:58:46Z
com.tasomaniac.dashclock.hackerspace.floss;2014-03-19T21:48:51Z;2018-02-23T11:36:49Z
org.pocketworkstation.pckeyboard;2016-01-22T21:40:54Z;2018-04-23T19:10:19Z
net.tapi.handynotes;2011-02-08T10:51:10Z;2017-08-10T18:08:27Z
ca.mimic.apphangar;2014-05-16T23:51:25Z;2018-04-04T23:38:06Z
com.haha01haha01.harail;2014-12-07T01:06:33Z;2017-03-05T22:18:03Z
de.kodejak.hashr;2015-02-09T18:51:26Z;2018-04-13T18:50:15Z
com.hayaisoftware.launcher;2015-07-25T00:23:39Z;2018-04-09T05:49:34Z
me.hda.urlhda;2016-04-09T14:54:22Z;2016-06-23T16:21:53Z
ch.blinkenlights.android.vanillaplug;2013-08-26T07:34:48Z;2018-04-16T11:35:21Z
de.cweiske.headphoneindicator;2016-03-23T05:32:38Z;2018-04-04T23:44:28Z
com.borneq.heregpslocation;2014-01-31T16:31:30Z;2017-04-06T01:20:39Z
net.damsy.soupeaucaillou.heriswap;2014-06-17T17:30:19Z;2018-03-14T20:04:48Z
com.eneko.hexcolortimewallpaper;2017-01-15T22:12:42Z;2017-07-27T11:31:19Z
de.baumann.hhsmoodle;2016-08-08T21:12:31Z;2017-12-08T15:18:06Z
com.manuelmaly.hn;2012-08-27T09:12:31Z;2018-04-12T08:42:12Z
com.holokenmod;2015-04-08T17:21:22Z;2018-04-04T23:22:15Z
io.homeassistant.android;2017-02-27T22:59:07Z;2018-04-22T08:13:59Z
io.github.hopedia;2016-07-25T13:58:29Z;2017-12-22T23:00:40Z
com.smorgasbork.hotdeath;2015-01-12T00:26:59Z;2017-11-23T13:00:29Z
com.alaskalinuxuser.hourglass;2017-02-28T14:23:41Z;2018-03-28T08:47:21Z
com.derek_s.hubble_gallery;2015-05-24T07:49:07Z;2018-04-04T23:22:41Z
com.kostmo.wallpaper.spiral;2015-03-29T21:43:21Z;2017-07-21T06:11:19Z
net.i2p.android.router;PAGE_INEXISTENT;PAGE_INEXISTENT
ovh.ice.icecons;2016-03-31T12:18:00Z;2018-04-05T01:01:44Z
com.cradle.iitc_mobile;2013-02-16T20:57:27Z;2018-04-20T12:49:54Z
com.Pau.ImapNotes2;2014-10-25T18:24:13Z;2018-03-31T00:21:59Z
net.inbox.pager;2016-09-16T18:31:17Z;2017-12-06T19:35:09Z
x1125io.initdlight;2017-09-17T18:29:56Z;2018-04-04T23:25:27Z
de.k3b.android.intentintercept;2017-07-18T07:37:42Z;2018-03-20T00:55:27Z
uk.co.ashtonbrsc.android.intentintercept;2012-05-31T11:25:46Z;2018-04-05T09:11:59Z
org.smblott.intentradio;2014-03-07T16:02:36Z;2018-04-04T23:28:30Z
org.flyve.inventory.agent;PAGE_INEXISTENT;PAGE_INEXISTENT
nodom.darkfm.inventoryguimobile;2015-04-23T23:15:23Z;2018-04-04T23:30:32Z
org.asdtm.fas;2017-01-08T18:27:12Z;2018-04-02T03:37:03Z
org.ligi.ipfsdroid;2016-04-27T08:09:10Z;2018-04-21T09:11:44Z
org.woltage.irssiconnectbot;2011-01-11T21:08:14Z;2018-04-14T20:54:24Z
name.seguri.android.isphoneencrypted;2016-08-11T15:53:54Z;2017-04-12T08:45:23Z
eu.veldsoft.ithaka.board.game;2016-01-02T21:26:15Z;2017-08-02T15:13:31Z
com.iven.lfflfeedreader;2014-12-07T12:41:17Z;2018-03-12T05:05:47Z
im.r_c.android.jigsaw;2016-05-15T14:46:40Z;2017-06-16T03:48:20Z
com.teleca.jamendo;2010-02-16T16:43:32Z;2018-04-05T21:51:53Z
com.aragaer.jtt;2012-01-03T17:03:01Z;2018-03-18T23:21:44Z
is.pinterjann.jaws;2015-08-23T14:41:20Z;2018-01-22T08:25:07Z
org.voidsink.anewjkuapp;2014-05-03T09:07:08Z;2018-04-17T16:22:31Z
com.jtechme.jumpgo;2015-12-28T19:41:06Z;2018-04-21T05:49:43Z
uk.co.jarofgreen.JustADamnCompass;2011-12-27T23:29:39Z;2017-12-26T22:34:29Z
com.alaskalinuxuser.justcraigslist;2017-04-06T21:20:50Z;2018-04-15T18:53:11Z
com.alaskalinuxuser.justnotes;2017-03-24T18:20:37Z;2018-04-18T16:34:31Z
co.pxhouse.sas;2018-02-01T13:50:12Z;2018-04-22T10:56:55Z
com.fsck.k9;2011-02-04T02:40:00Z;2018-04-24T08:09:50Z
ir.hsn6.k2;2017-09-22T18:38:12Z;2018-03-31T21:19:00Z
com.fsck.k9.material;2016-07-08T12:48:50Z;2018-04-06T21:30:18Z
vnd.blueararat.kaleidoscope6;2012-04-30T12:06:46Z;2018-04-04T23:18:38Z
com.jorgecastillo.kanadrill;PAGE_INEXISTENT;PAGE_INEXISTENT
in.andres.kandroid;2016-12-30T17:32:03Z;2018-04-24T00:10:56Z
org.kaqui;2017-07-31T17:47:11Z;2018-04-12T13:31:53Z
com.kunzisoft.keepass.libre;2017-10-17T09:08:57Z;2018-04-24T12:15:29Z
com.android.keepass;2009-01-05T22:01:52Z;2018-04-24T08:16:24Z
com.nhellfire.kerneladiutor;2017-04-25T08:58:58Z;2018-03-18T00:17:26Z
info.aario.killcamera;2017-03-14T16:58:47Z;2018-04-13T03:55:17Z
de.live.gdev.timetracker;2014-02-28T20:15:27Z;2018-04-21T17:36:00Z
fr.neamar.kiss;2012-10-02T16:03:43Z;2018-04-23T14:53:18Z
org.kiwix.kiwixmobile;2016-01-04T17:59:09Z;2018-03-18T17:01:01Z
org.kore.kolabnotes.android;2015-03-07T10:55:50Z;2018-04-23T13:54:29Z
org.kontalk;2014-02-24T10:40:31Z;2018-04-24T08:24:31Z
org.xbmc.kore;2015-01-14T11:26:04Z;2018-04-24T11:38:53Z
net.usikkert.kouchat.android;2011-11-15T18:54:23Z;2018-04-20T18:03:51Z
com.onetwofivegames.kungfoobarracuda;2015-11-14T23:09:01Z;2018-01-02T21:50:10Z
player.efis.data.eur.rus;2016-03-18T13:54:08Z;2018-04-06T06:21:51Z
player.efis.data.pan.arg;2016-03-18T13:54:08Z;2018-04-06T06:21:51Z
player.efis.data.sah.jap;2016-03-18T13:54:08Z;2018-04-06T06:21:51Z
player.efis.data.usa.can;2016-03-18T13:54:08Z;2018-04-06T06:21:51Z
player.efis.data.zar.aus;2016-03-18T13:54:08Z;2018-04-06T06:21:51Z
player.efis.mfd;2016-03-18T13:54:08Z;2018-04-06T06:21:51Z
player.efis.pfd;2016-03-18T13:54:08Z;2018-04-06T06:21:51Z
it.langolonerd.app;2017-01-07T09:11:34Z;2018-04-04T03:01:22Z
com.angryburg.uapp;2017-08-19T22:57:47Z;2018-04-04T03:01:40Z
com.rfo.basic;2018-01-25T18:59:56Z;2018-04-03T11:15:33Z
com.quaap.launchtime;2017-01-21T21:16:47Z;2018-04-09T04:26:11Z
ch.deletescape.lawnchair.plah;2017-03-03T13:12:58Z;2018-04-24T11:14:15Z
it.linuxday.torino;2016-07-15T10:58:48Z;2016-10-31T17:39:00Z
org.horaapps.leafpic;2016-01-07T17:24:12Z;2018-04-24T13:05:24Z
com.serwylo.lexica;2015-11-26T05:45:52Z;2018-04-23T10:38:20Z
com.cgogolin.library;2014-01-15T12:51:02Z;2018-04-03T08:44:21Z
fm.libre.droid;2014-08-21T23:21:17Z;2018-03-29T07:43:44Z
app.librenews.io.librenews;2017-06-28T19:26:05Z;2018-04-05T23:25:48Z
libretasks.app;PAGE_INEXISTENT;PAGE_INEXISTENT
org.proninyaroslav.libretorrent;2016-10-18T15:38:44Z;2018-04-23T22:10:19Z
io.github.trytonvanmeer.libretrivia;2018-01-26T10:45:20Z;2018-04-18T21:51:33Z
com.foxykeep.lifecounter;2013-09-21T07:35:18Z;2017-04-03T21:52:39Z
com.marceljurtz.lifecounter;2017-04-23T11:31:49Z;2018-03-11T20:54:35Z
acr.browser.lightning;2013-02-01T19:25:59Z;2018-04-24T07:52:21Z
cxa.gridwallpaper;2012-12-28T08:36:24Z;2018-04-07T23:43:41Z
felixwiemuth.lincal;2016-12-01T21:42:08Z;2018-04-20T11:43:47Z
it.mn.salvi.linuxDayOSM;2012-07-19T05:57:42Z;2015-10-12T15:47:30Z
de.onyxbits.listmyapps;2013-08-29T10:51:08Z;2018-04-07T18:15:09Z
me.echeung.moemoekyun.fdroid;2017-03-26T22:36:09Z;2018-04-23T03:36:40Z
com.cityfreqs.littlesirecho;2015-12-17T21:59:11Z;2017-12-31T15:19:35Z
de.hirtenstrasse.michael.lnkshortener;2017-01-29T19:43:18Z;2018-03-26T13:41:50Z
org.fitchfamily.android.gsmlocation;2014-11-06T21:20:13Z;2018-04-20T12:12:34Z
org.fitchfamily.android.wifi_backend;2014-12-13T09:04:59Z;2018-04-20T12:12:33Z
de.k3b.android.locationMapViewer;2015-01-19T07:16:05Z;2018-03-14T07:54:58Z
ca.cmetcalfe.locationshare;2013-03-27T20:32:01Z;2018-04-23T14:54:59Z
name.seguri.android.lock;2017-04-27T16:08:41Z;2018-04-17T11:11:53Z
com.tananaev.logcat;2016-06-24T05:48:40Z;2018-04-04T02:59:35Z
com.dp.logcatapp;2017-11-20T20:17:39Z;2018-04-21T20:58:58Z
za.co.lukestonehm.logicaldefence;2015-01-17T16:39:38Z;2018-04-04T02:58:56Z
org.isoron.uhabits;2014-11-08T11:07:12Z;2018-04-21T23:05:55Z
protect.card_locker;2016-01-31T01:39:37Z;2018-04-04T11:33:04Z
org.lumicall.android;2012-05-19T11:43:53Z;2018-04-23T10:41:07Z
com.rehanced.lunary;2017-05-31T15:21:16Z;2018-04-24T09:40:47Z
com.shkmishra.lyrically;2016-10-26T14:35:55Z;2018-04-04T02:53:05Z
org.gateshipone.malp;2016-07-17T10:29:02Z;2018-04-23T16:39:49Z
gr.ratmole.android.Mach3Pendant;2016-09-27T13:27:21Z;2018-04-18T16:14:44Z
com.adonai.manman;2014-10-24T10:04:47Z;2018-02-02T11:51:24Z
us.feras.mdv.demo;2011-12-25T18:22:40Z;2018-04-21T13:00:39Z
net.gsantner.markor;2017-08-26T00:08:35Z;2018-04-24T08:52:14Z
fr.gouv.etalab.mastodon;2017-10-22T16:47:07Z;2018-04-24T05:23:11Z
com.bijoysingh.quicknote;2016-05-04T17:26:30Z;2018-04-22T20:30:22Z
org.ligi.materialteatimer;2016-10-15T04:30:52Z;2017-12-24T13:45:17Z
me.zeeroooo.materialfb;2016-09-12T22:22:02Z;2018-04-22T16:23:46Z
io.github.hidroh.materialistic;2015-01-22T04:03:54Z;2018-04-23T14:55:49Z
com.materialos.cm.theme;2015-08-13T03:32:06Z;2018-04-04T02:54:04Z
org.icasdri.mather;2016-08-08T17:35:27Z;2018-04-04T02:55:14Z
am.zoom.mbrowser;2015-08-01T08:46:51Z;2018-02-28T03:19:04Z
org.paladyn.mediclog;2017-12-31T09:21:37Z;2018-04-23T23:04:59Z
org.billthefarmer.melodeon;2013-05-26T09:53:16Z;2017-07-24T09:21:30Z
github.yaa110.memento;2016-12-07T08:22:03Z;2018-04-10T07:29:45Z
io.github.gsantner.memetastic;2017-03-12T02:32:45Z;2018-04-22T13:25:42Z
org.secuso.privacyfriendlymemory;2016-05-03T21:51:37Z;2017-12-28T17:59:07Z
org.androidsoft.games.memory.kids;2014-09-06T20:48:39Z;2016-10-10T10:23:36Z
de.yazo_games.mensaguthaben;2013-05-27T13:08:27Z;2018-04-12T18:11:27Z
it.skarafaz.mercury;2014-09-25T17:01:15Z;2018-02-28T05:37:16Z
org.surrel.messengerbypasser;2016-06-01T09:51:54Z;2018-03-20T09:56:24Z
de.chaosdorf.meteroid;2013-05-20T21:07:50Z;2018-03-04T21:57:28Z
com.mathi_amorim.emmanuel.metrictime;2016-08-26T00:51:41Z;2018-03-28T19:06:18Z
au.id.micolous.farebot;2015-07-02T13:10:08Z;2018-04-18T12:16:25Z
tk.radioactivemineral.metronome;2016-07-16T08:01:56Z;2017-12-02T18:30:05Z
com.jbirdvegas.mgerrit;2013-04-10T05:27:50Z;2018-03-12T22:15:27Z
com.manichord.mgit;2016-10-14T02:54:01Z;2018-04-23T23:17:51Z
com.ghstudios.android.mhgendatabase;2016-06-10T22:53:11Z;2018-02-02T21:12:56Z
ar.rulosoft.mimanganu;2014-12-21T22:14:07Z;2018-04-22T20:16:44Z
com.easytarget.micopi;2014-04-21T16:52:10Z;2018-04-07T12:35:39Z
com.mridang.throttle;2015-10-03T14:24:42Z;2017-11-13T23:37:14Z
com.mkulesh.micromath.plus;2017-07-29T19:26:37Z;2018-04-24T11:48:08Z
net.bitplane.android.microphone;2011-01-03T14:46:19Z;2018-04-04T02:45:18Z
de.dotwee.micropinner;2015-06-11T14:41:58Z;2018-04-12T15:39:31Z
moe.martini.midictrl;2016-12-19T11:45:08Z;2018-04-04T02:44:58Z
ca.farrelltonsolar.classic;2014-12-01T19:50:11Z;2018-02-06T08:32:32Z
de.syss.MifareClassicTool;2013-02-12T15:39:03Z;2018-04-22T11:11:08Z
io.github.alketii.mightyknight;2017-11-02T14:35:58Z;2018-03-18T12:17:23Z
com.evancharlton.mileage;2015-03-03T21:24:41Z;2017-12-19T18:38:53Z
csd.qtproject.minesweeper;2016-06-21T11:12:54Z;2018-04-04T02:43:53Z
net.minetest.minetest;2011-08-07T13:48:36Z;2018-04-24T13:44:49Z
com.rubenwardy.minetestmodmanager;2016-01-15T01:09:48Z;2018-03-30T18:37:41Z
io.github.kobuge.games.minilens;2015-04-09T19:49:02Z;2018-04-18T08:47:04Z
com.rubenroy.minimaltodo;2015-09-19T17:56:12Z;2017-11-15T16:39:38Z
nitezh.ministock;2013-04-13T14:50:32Z;2018-03-28T21:07:30Z
com.shapps.mintubeapp;2016-01-24T05:23:09Z;2018-04-18T10:05:57Z
com.mattgmg.miracastwidget;2013-12-29T23:14:18Z;2017-11-29T07:11:35Z
com.app.missednotificationsreminder;2015-11-11T09:49:55Z;2018-02-14T05:13:02Z
com.mitzuli;2014-01-26T20:38:52Z;2018-04-23T19:19:32Z
org.mixare;PAGE_INEXISTENT;PAGE_INEXISTENT
ivl.android.moneybalance;2012-09-06T20:54:39Z;2018-04-17T07:12:50Z
akk.astro.droid.moonphase;2014-06-28T15:58:38Z;2017-08-30T05:08:29Z
org.epstudios.morbidmeter;2011-10-09T02:21:52Z;2018-04-04T02:30:18Z
com.tomer.poke.notifier;2016-07-16T05:45:39Z;2018-04-11T15:46:00Z
pw.thedrhax.mosmetro;2016-01-31T11:45:46Z;2018-04-21T11:49:13Z
de.karbach.tac;2014-10-05T17:14:38Z;2016-02-11T07:28:23Z
org.cry.otp;2015-03-14T23:30:48Z;2018-03-10T00:21:27Z
fr.xtof54.mousetodon;2017-04-22T14:58:07Z;2018-03-23T06:52:41Z
com.movim.movim;2015-01-20T22:21:12Z;2018-04-21T22:28:43Z
org.mozilla.mozstumbler;2013-07-04T01:22:30Z;2018-04-17T14:22:03Z
org.microg.nlp.backend.ichnaea;2015-02-13T21:45:21Z;2018-04-20T12:12:26Z
com.namelessdev.mpdroid;2010-06-23T08:35:14Z;2018-04-17T21:58:08Z
com.fr3ts0n.androbd.plugin.mqtt;2017-12-31T15:47:48Z;2018-04-20T12:36:49Z
com.samsandberg.mtafarebuster;2014-10-24T13:04:00Z;2017-04-10T17:17:38Z
com.gelakinetic.mtgfam;2014-02-14T04:12:50Z;2018-04-18T05:38:56Z
org.thecongers.mtpms;2015-01-13T16:33:18Z;2018-03-30T11:11:21Z
com.leocardz.multitouch.test;2015-02-11T20:24:21Z;2017-07-31T19:07:55Z
com.crazyhitty.chdev.ks.munch;2015-12-22T14:03:30Z;2018-04-10T11:40:08Z
com.simplemobiletools.musicplayer;2016-01-10T12:21:23Z;2018-04-21T20:27:47Z
max.music_cyclon;2015-08-19T15:46:36Z;2017-10-07T02:22:45Z
net.nurik.roman.muzei;2014-02-06T23:39:33Z;2018-04-24T11:30:44Z
de.devmil.muzei.bingimageofthedayartsource;2015-05-02T10:20:31Z;2018-04-04T02:39:45Z
community.fairphone.mycontacts;2017-04-28T00:17:58Z;2017-09-07T15:52:56Z
org.totschnig.myexpenses;2012-02-29T15:13:40Z;2018-04-22T10:24:17Z
net.mypapit.mobile.myposition;2015-11-09T15:01:01Z;2017-09-27T18:40:39Z
ch.fixme.status;2012-04-21T18:21:56Z;2017-12-08T20:39:06Z
org.aykit.MyOwnNotes;2014-04-10T17:29:15Z;2018-03-20T11:18:07Z
com.wangdaye.mysplash;2016-07-18T01:01:42Z;2018-04-24T10:20:22Z
tkj.android.homecontrol.mythmote;2015-03-14T15:42:07Z;2016-07-08T21:14:51Z
com.example.muzei.muzeiapod;2014-08-22T18:47:11Z;2016-04-27T15:24:06Z
de.msal.muzei.nationalgeographic;2014-02-20T16:48:28Z;2018-03-30T17:10:47Z
org.navitproject.navit;2015-02-14T08:54:42Z;2018-04-23T18:44:29Z
org.secuso.privacyfriendlynetmonitor;2016-11-01T13:37:20Z;2018-04-22T18:53:03Z
free.rm.netcfgwidget;2015-11-01T21:16:10Z;2018-04-04T02:23:16Z
net.alegen.android.netclip;PAGE_INEXISTENT;PAGE_INEXISTENT
eu.faircode.netguard;2015-10-24T17:59:20Z;2018-04-24T04:20:49Z
com.ultrafunk.network_info;2014-10-24T21:23:26Z;2018-03-13T23:32:27Z
de.mangelow.network;2012-07-08T13:30:13Z;2018-04-04T02:26:19Z
ca.rmen.android.networkmonitor;2013-05-17T23:23:42Z;2018-04-19T08:58:27Z
org.schabi.newpipe;2015-09-03T23:39:26Z;2018-04-24T12:46:27Z
com.newsblur;2009-01-05T14:00:43Z;2018-04-24T07:11:06Z
com.nextcloud.client;2016-06-06T21:23:36Z;2018-04-24T13:12:26Z
org.schabi.nxbookmarks;2017-08-02T13:14:30Z;2018-04-19T08:14:08Z
com.nextcloud.android.beta;2016-06-06T21:23:36Z;2018-04-24T13:12:26Z
de.luhmer.owncloudnewsreader;2013-05-26T09:54:08Z;2018-04-23T21:52:16Z
fr.unix_experience.owncloud_sms;2014-10-10T09:24:15Z;2018-04-22T00:46:37Z
com.nextcloud.talk2;2017-09-11T06:53:14Z;2018-04-24T00:46:54Z
com.nextgis.mobile;2014-12-24T01:00:31Z;2018-04-21T17:21:04Z
com.pcinpact;2013-12-14T21:21:13Z;2017-11-21T01:05:37Z
se.anyro.nfc_reader;2011-11-14T19:23:49Z;2018-04-19T01:25:43Z
com.briankhuu.nfcmessageboard;2015-04-03T05:15:39Z;2017-08-04T15:59:50Z
moe.feng.nhentai;2015-05-23T03:03:36Z;2018-04-21T18:17:55Z
com.digitallizard.nicecompass;PAGE_INEXISTENT;PAGE_INEXISTENT
com.corphish.nightlight.generic;2017-10-04T13:09:57Z;2018-03-31T08:29:58Z
org.michaelevans.nightmodeenabler;2016-08-23T23:41:49Z;2017-08-03T07:24:44Z
info.papdt.blackblub;2016-02-01T05:23:05Z;2018-04-18T03:29:31Z
net.nitroshare.android;2016-02-14T01:20:16Z;2018-04-24T06:07:26Z
com.afollestad.nocknock;2016-07-30T07:41:48Z;2018-04-11T00:33:55Z
org.microg.nlp.backend.nominatim;2014-12-25T21:46:54Z;2018-04-20T12:12:26Z
com.nononsenseapps.notepad;2012-01-13T10:16:12Z;2018-04-15T14:11:11Z
io.github.tjg1.nori;2013-06-18T23:27:13Z;2018-04-23T02:04:03Z
com.icechen1.notable.pro;2013-05-24T02:01:53Z;2018-03-17T14:52:22Z
com.notecryptpro;2017-02-19T17:52:40Z;2018-01-22T15:55:59Z
nl.yoerinijs.notebuddy;2017-03-13T20:30:38Z;2018-04-03T06:11:17Z
com.tomaszmarzeion.notepad;2016-01-17T16:17:58Z;2018-04-23T15:36:43Z
com.simplemobiletools.notes;2016-02-13T20:00:54Z;2018-04-18T15:24:21Z
it.niedermann.owncloud.notes;2015-10-01T15:53:21Z;2018-04-23T21:06:06Z
org.secuso.privacyfriendlynotes;2016-05-03T21:49:16Z;2018-04-08T17:21:00Z
com.khuttun.notificationnotes;2015-12-26T13:52:50Z;2018-02-27T14:52:28Z
org.surrel.facebooknotifications;2015-11-16T19:21:53Z;2017-09-22T09:59:21Z
ca.rmen.nounours;2015-09-27T09:18:41Z;2016-04-17T17:09:56Z
net.thauvin.erik.android.noussd;2012-09-27T07:01:41Z;2018-02-28T15:03:41Z
me.shrimadhavuk.numselapp;PAGE_INEXISTENT;PAGE_INEXISTENT
org.ntpsync;2012-07-15T15:50:46Z;2018-04-09T01:21:46Z
com.numguesser.tonio_rpchp.numberguesser;2014-12-21T18:57:05Z;2017-06-29T18:39:35Z
info.schnatterer.nusic;2013-09-01T12:04:27Z;2018-04-04T02:04:43Z
net.justdave.nwsweatheralertswidget;2014-02-20T13:58:04Z;2018-04-04T02:05:26Z
cat.pantsu.nyaapantsu;2017-06-24T16:48:41Z;2018-04-15T03:52:07Z
com.palliser.nztides;2015-03-13T08:12:09Z;2018-04-12T02:46:06Z
dk.jens.backup;2013-07-12T09:01:04Z;2018-04-18T22:43:51Z
trikita.obsqr;2015-08-09T11:07:30Z;2018-04-22T19:10:20Z
fr.s3i.pointeuse;2016-05-22T21:46:54Z;2017-04-25T12:56:41Z
org.shirakumo.ocelot;2017-12-04T17:25:28Z;2018-03-12T15:44:14Z
email.schaal.ocreader;2016-01-05T09:39:03Z;2018-04-17T05:21:42Z
com.gh4a;2011-02-20T02:47:49Z;2018-04-24T11:11:12Z
org.gateshipone.odyssey;2016-01-30T12:19:25Z;2018-04-10T15:08:32Z
org.sufficientlysecure.localcalendar;2013-02-26T12:00:42Z;2018-02-18T20:11:45Z
org.ogre.browser;2015-11-29T15:57:03Z;2018-04-24T01:12:03Z
com.ogsdroid;2016-11-12T14:27:43Z;2018-04-08T17:12:07Z
org.openintents.filemanager;2012-05-03T05:43:53Z;2018-04-09T19:16:44Z
org.openintents.flashlight;2012-05-17T12:31:31Z;2017-07-31T08:03:01Z
org.openintents.notepad;2012-05-03T16:59:27Z;2017-12-26T08:44:41Z
org.openintents.shopping;2012-05-17T09:38:14Z;2018-03-11T02:24:02Z
it.feio.android.omninotes.foss;2013-12-11T21:59:18Z;2018-04-24T03:05:25Z
com.github.onetimepass;2017-12-03T06:29:24Z;2018-04-20T20:05:31Z
com.nicue.onetwo;2017-04-26T04:01:07Z;2017-12-29T11:06:19Z
org.openobservatory.ooniprobe;2015-03-17T13:49:21Z;2018-04-23T13:57:50Z
openfoodfacts.github.scrachx.openbeauty;2015-05-06T18:09:55Z;2018-04-24T08:49:59Z
io.github.sanbeg.flashlight;2012-06-10T01:58:45Z;2018-01-19T14:05:13Z
com.gunshippenguin.openflood;2016-01-17T01:18:20Z;2018-04-11T10:15:43Z
openfoodfacts.github.scrachx.openfood;2015-05-06T18:09:55Z;2018-04-24T08:49:59Z
com.tasomaniac.openwith.floss;2015-09-15T11:56:52Z;2018-04-24T04:36:03Z
com.nexes.manager;2010-07-12T03:53:11Z;2018-04-19T06:48:29Z
com.todobom.opennotescanner;2016-02-10T11:14:38Z;2018-04-23T07:16:22Z
org.openpetfoodfacts.scanner;2015-05-06T18:09:55Z;2018-04-24T08:49:59Z
de.skubware.opentraining;2012-08-23T06:24:48Z;2018-04-20T22:32:27Z
com.dkanada.openapk;2017-01-28T17:45:31Z;2018-04-18T05:45:52Z
net.opendasharchive.openarchive.release;2015-03-16T19:21:42Z;2018-04-19T16:09:47Z
be.brunoparmentier.openbikesharing.app;2014-08-07T19:09:48Z;2018-04-17T07:12:44Z
org.openbmap.unifiedNlp;2015-02-08T22:34:03Z;2018-03-08T21:36:15Z
at.tomtasche.reader;2010-10-19T09:31:13Z;2018-03-18T14:42:41Z
org.opengappsdownloader;2016-07-02T03:59:47Z;2018-04-23T04:50:09Z
org.openhab.habdroid;2014-04-12T12:09:03Z;2018-04-23T21:57:43Z
org.openhab.habdroid.beta;2014-04-12T12:09:03Z;2018-04-23T21:57:43Z
org.schabi.openhitboxstreams;2016-03-07T13:43:25Z;2018-04-12T17:45:55Z
org.sufficientlysecure.keychain;2012-03-09T09:10:42Z;2018-04-24T08:10:31Z
com.benny.openlauncher;2016-08-03T10:10:19Z;2018-04-23T16:21:09Z
org.nv95.openmanga;2015-10-05T05:32:45Z;2018-04-22T12:17:07Z
org.redcross.openmapkit;2014-12-17T21:10:03Z;2018-04-16T07:16:40Z
de.uni_potsdam.hpi.openmensa;2012-08-05T21:35:18Z;2017-10-24T08:34:43Z
org.iilab.openmentoring;2015-11-20T15:41:10Z;2017-04-24T09:43:10Z
org.openorienteering.mapper;PAGE_INEXISTENT;PAGE_INEXISTENT
com.example.openpass;2016-07-25T20:10:58Z;2018-02-09T16:22:13Z
jp.redmine.redmineclient;2012-07-17T16:16:47Z;2018-01-11T02:19:27Z
com.health.openscale;2014-12-13T08:36:53Z;2018-04-24T13:52:12Z
com.digitalfishfun.openshift;2017-06-15T22:03:22Z;2018-04-04T01:57:57Z
cz.romario.opensudoku;2012-02-23T09:09:28Z;2018-04-16T17:41:15Z
org.dmfs.tasks;2013-06-07T13:18:53Z;2018-04-24T07:35:49Z
edu.killerud.kitchentimer;2012-02-09T23:33:40Z;2016-03-26T21:21:03Z
de.blinkt.openvpn;2015-03-19T12:09:36Z;2018-04-24T08:58:41Z
de.digisocken.openwort;2018-02-02T17:35:01Z;2018-04-06T13:35:19Z
com.orgzly;2017-02-03T14:48:34Z;2018-04-24T09:34:52Z
org.ethack.orwall;2014-07-18T07:10:01Z;2018-04-04T01:38:37Z
info.guardianproject.browser;2010-03-08T04:00:02Z;2018-04-24T08:19:58Z
com.eolwral.osmonitor;2013-04-29T05:57:25Z;2018-04-24T10:19:34Z
org.billthefarmer.scope;2013-06-13T19:03:29Z;2018-04-22T09:48:33Z
net.osmand.srtmPlugin.paid;2011-01-15T19:59:44Z;2018-04-24T11:39:40Z
net.osmand.plus;2011-01-15T19:59:44Z;2018-04-24T11:39:40Z
org.gittner.osmbugs;2013-06-27T17:47:27Z;2018-04-04T01:46:15Z
me.guillaumin.android.osmtracker;2011-09-08T11:36:33Z;2018-04-16T12:12:34Z
com.infonuascape.osrshelper;2014-09-09T03:24:29Z;2018-01-23T17:51:02Z
net.bierbaumer.otp_authenticator;2015-11-21T23:41:59Z;2018-04-16T11:10:30Z
com.luorrak.ouroboros;2015-07-06T07:26:48Z;2018-04-04T01:47:14Z
nya.miku.wishmaster;2015-04-06T05:37:46Z;2018-04-14T12:42:13Z
bus.chio.wishmaster;2016-09-07T07:43:11Z;2018-04-20T21:39:51Z
com.owncloud.android;2012-08-25T10:35:56Z;2018-04-24T13:59:57Z
org.schabi.nxbookmarks.owncloud;2017-08-02T13:14:30Z;2018-04-19T08:14:08Z
com.nbossard.packlist;2015-12-25T14:37:01Z;2018-04-23T21:39:13Z
nu.firetech.android.pactrack;2009-09-10T21:41:14Z;2017-09-25T17:03:11Z
com.mikifus.padland;2015-01-16T22:12:00Z;2018-03-18T20:00:59Z
net.nightwhistler.pageturner;2011-12-04T14:51:31Z;2018-04-24T08:03:34Z
com.kn.paper_foss_theme;2016-06-17T04:05:46Z;2018-04-15T23:20:41Z
ru.valle.btc;2013-07-16T22:31:40Z;2018-04-08T21:26:55Z
de.devmil.paperlaunch;2015-05-28T21:55:21Z;2018-04-03T16:53:20Z
com.alexcruz.papuhwalls;2015-09-30T20:59:28Z;2018-03-12T20:06:10Z
de.jkliemann.parkendd;2014-12-14T21:03:05Z;2018-04-09T19:54:14Z
org.ligi.passandroid;2013-01-23T15:34:45Z;2018-04-20T06:36:23Z
com.passcard;2014-04-26T16:52:12Z;2018-04-15T06:40:45Z
gg.mw.passera;2014-07-14T08:53:42Z;2018-02-06T18:34:13Z
org.secuso.privacyfriendlypasswordgenerator;2016-11-14T13:45:57Z;2018-04-12T17:38:33Z
com.zeapo.pwdstore;2014-08-10T12:51:47Z;2018-04-24T12:13:01Z
de.phoenixstudios.pc_dimmer;2015-12-12T16:18:14Z;2018-03-26T19:26:38Z
de.baumann.pdfcreator;2016-07-19T17:34:15Z;2018-04-12T23:54:52Z
swati4star.createpdf;2016-02-22T10:00:46Z;2018-04-23T02:35:07Z
peanutencryption.peanutencryption;2016-03-15T20:53:48Z;2017-09-17T19:08:56Z
de.j4velin.pedometer;2013-11-23T16:37:22Z;2018-04-23T17:00:26Z
name.bagi.levente.pedometer;2010-04-27T06:37:16Z;2018-03-30T07:43:03Z
org.secuso.privacyfriendlyactivitytracker;2016-04-28T12:51:16Z;2018-04-17T13:05:34Z
com.frozendevs.periodictable;2014-07-12T20:00:18Z;2018-03-07T10:29:58Z
de.arnowelzel.android.periodical;2014-02-08T09:43:25Z;2018-04-20T15:46:02Z
com.byagowi.persiancalendar;2012-03-09T11:01:34Z;2018-04-20T02:40:08Z
org.lf_net.pgpunlocker;2013-12-20T11:27:02Z;2018-03-29T03:50:51Z
moe.minori.pgpclipper;2015-09-26T14:58:09Z;2018-04-18T22:03:20Z
link.standen.michael.phonesaver;2017-05-16T19:53:40Z;2018-04-18T14:01:29Z
com.quaap.phonefonefun;2017-07-03T18:47:02Z;2018-03-18T15:12:34Z
fr.s13d.photobackup;2015-06-03T20:23:57Z;2018-03-04T19:02:44Z
com.ruesga.android.wallpapers.photophase;2013-07-01T00:31:25Z;2018-04-04T01:24:49Z
dmusiolik.pijaret;2016-08-28T16:57:51Z;2017-09-26T08:56:56Z
org.secuso.privacyfriendlypin;2015-10-27T12:43:05Z;2018-04-16T04:00:12Z
com.pindroid;2010-12-17T13:42:18Z;2018-04-09T13:23:22Z
io.github.fvasco.pinpoi;2016-01-04T13:20:26Z;2018-04-21T08:10:48Z
org.olgsoft.apipepanic;2015-12-19T10:45:00Z;2018-03-25T16:17:10Z
de.lihotzki.pixelflood;2017-04-25T21:20:01Z;2018-02-28T20:37:13Z
info.guardianproject.pixelknot;2012-12-08T22:45:28Z;2018-04-15T18:56:48Z
com.pixiv.muzei.pixivsource;2014-03-03T02:44:56Z;2018-04-24T12:13:56Z
com.pjuu.otterdroid;PAGE_INEXISTENT;PAGE_INEXISTENT
io.githubfede0d.planetrider;PAGE_INEXISTENT;PAGE_INEXISTENT
com.dftec.planetcon;2017-03-08T00:08:17Z;2018-02-25T19:35:42Z
saschpe.poker;2016-11-19T09:03:06Z;2018-03-08T20:06:13Z
re.jcg.playmusicexporter;2016-12-30T00:10:03Z;2018-04-23T11:16:21Z
com.cleveroad.sample;2016-08-30T15:29:03Z;2018-04-19T22:21:47Z
eu.lavarde.pmtd;2015-04-12T11:28:10Z;2018-03-25T16:17:29Z
com.utyf.pmetro;2015-08-08T16:10:03Z;2018-04-16T16:04:24Z
com.gmail.afonsotrepa.pocketgopher;2017-11-10T18:47:04Z;2018-03-09T23:40:40Z
com.junjunguo.pocketmaps;2015-06-12T22:04:48Z;2018-04-23T19:04:28Z
com.axelby.podax;2011-04-15T03:06:40Z;2018-04-04T01:26:40Z
com.einmalfel.podlisten;2015-05-12T18:44:14Z;2018-04-13T06:20:51Z
ca.rmen.android.poetassistant;2016-02-14T05:09:02Z;2018-04-07T14:52:10Z
com.jmstudios.pointandhit.android;2015-04-16T12:48:04Z;2018-01-20T01:21:40Z
org.itishka.pointim;2014-10-21T13:06:03Z;2016-10-24T19:45:56Z
eu.polarclock;2016-09-29T13:26:50Z;2018-04-16T15:31:40Z
com.polipoid;2013-09-02T15:02:55Z;2018-03-11T20:12:36Z
eu.veldsoft.politrics;2015-09-09T14:19:12Z;2017-08-02T15:23:03Z
org.strawberryforum.pollywog;2017-03-08T12:17:08Z;2018-04-05T13:21:45Z
science.itaintrocket.pomfshare;2015-04-06T12:07:14Z;2018-02-04T13:42:10Z
com.aaronjwood.portauthority;2014-12-12T03:50:45Z;2018-04-19T11:15:35Z
com.xargsgrep.portknocker;2012-05-13T23:17:54Z;2018-04-18T17:01:19Z
net.tevp.postcode;2010-04-22T17:11:08Z;2018-03-18T12:47:32Z
com.mde.potdroid;2012-01-05T08:08:15Z;2017-07-02T04:35:55Z
org.ppsspp.ppsspp;2012-11-01T08:41:48Z;2018-04-24T06:07:11Z
com.metinkale.prayer;2015-12-31T12:21:08Z;2018-04-20T19:35:51Z
fr.simon.marquis.preferencesmanager;2013-05-19T23:03:28Z;2018-04-18T05:42:10Z
damo.three.ie;2013-08-02T11:07:23Z;2016-10-08T15:44:43Z
eu.pretix.pretixdroid;2016-08-30T10:55:51Z;2018-04-06T10:27:10Z
com.smithdtyler.prettygoodmusicplayer;2014-08-10T03:16:32Z;2018-02-19T15:06:44Z
uk.co.busydoingnothing.prevo;2015-04-28T14:12:41Z;2018-04-15T19:33:22Z
com.quaap.primary;2016-12-02T01:00:20Z;2018-02-18T10:15:07Z
org.primftpd;2012-06-03T16:24:33Z;2018-04-21T20:59:50Z
org.us.andriod;2014-06-21T18:07:42Z;2017-12-04T21:59:46Z
protect.babymonitor;2015-12-26T18:23:26Z;2018-03-26T09:29:18Z
com.phpsysinfo;2014-02-26T20:50:31Z;2018-02-19T15:37:40Z
ro.mihai.tpt;2011-04-15T04:56:17Z;2017-10-06T06:46:51Z
sun.bob.leela;2016-09-13T03:40:01Z;2018-04-20T03:33:09Z
name.boyle.chris.sgtpuzzles;2009-11-01T10:04:16Z;2018-04-16T17:41:57Z
com.moez.QKSMS;2015-02-21T19:50:43Z;2018-04-24T08:49:23Z
com.secuso.privacyFriendlyCodeScanner;2015-09-28T09:11:50Z;2018-04-20T12:09:42Z
com.github.xloem.qrstream;2015-05-02T00:21:34Z;2018-02-04T12:56:46Z
com.iskrembilen.quasseldroid;2011-01-31T15:24:57Z;2018-03-29T00:46:09Z
ohm.quickdice;2015-03-14T17:36:14Z;2017-07-06T00:16:12Z
com.tomer.draw;2017-07-29T18:14:43Z;2018-04-02T01:24:52Z
de.reimardoeffinger.quickdic;2015-08-19T19:51:38Z;2018-04-23T03:16:41Z
vu.de.urpool.quickdroid;2015-09-29T21:23:22Z;2018-03-18T14:42:43Z
com.geecko.QuickLyric;2014-03-15T23:01:53Z;2018-04-22T11:45:46Z
de.baumann.quitsmoking;2016-06-09T19:33:07Z;2018-04-22T21:17:45Z
es.cesar.quitesleep;2015-03-23T09:59:09Z;2016-08-22T10:34:14Z
com.frrahat.quransimple;2015-02-25T11:11:53Z;2018-03-18T14:42:43Z
net.artificialworlds.rabbitescape;2014-07-10T23:00:48Z;2018-04-11T15:50:48Z
com.markusborg.test;2013-11-05T16:43:25Z;2017-12-12T13:40:02Z
org.openbmap;2015-08-01T16:05:44Z;2018-03-29T19:25:45Z
net.programmierecke.radiodroid2;2013-01-13T13:59:17Z;2018-04-11T01:23:35Z
nl.implode.regenalarm;2015-03-07T10:32:14Z;2017-02-18T10:58:29Z
cc.rainwave.android;2011-07-27T04:17:46Z;2015-12-14T01:55:51Z
de.eidottermihi.raspicheck;2013-01-20T19:42:14Z;2018-04-09T15:51:25Z
io.github.engsergiu.react;2016-09-24T08:45:36Z;2017-12-22T23:06:59Z
io.github.baiatbun.react;2016-09-24T08:45:36Z;2017-12-22T23:06:59Z
com.bleyl.recurrence;2015-08-20T13:58:19Z;2018-04-18T05:42:54Z
com.jmstudios.redmoon;2016-03-16T11:37:25Z;2018-04-24T05:35:40Z
au.com.wallaceit.reddinator;2013-03-15T08:57:07Z;2018-04-09T14:51:42Z
com.github.redpanal.android;2015-07-30T01:15:40Z;2017-05-03T13:47:34Z
org.quantumbadger.redreader;2013-04-04T14:00:14Z;2018-04-18T05:43:04Z
org.vi_server.red_screen;2015-10-19T15:28:16Z;2017-02-11T13:43:22Z
com.phikal.regex;2015-07-26T20:45:50Z;2018-04-17T18:19:44Z
com.gacode.relaunchx;2017-02-27T22:08:14Z;2018-03-22T22:36:10Z
com.lostrealm.lembretes;2013-12-23T13:55:09Z;2017-06-30T09:07:15Z
de.onyxbits.remotekeyboard;2013-05-30T14:03:51Z;2018-02-28T21:50:18Z
protect.rentalcalc;2017-03-16T02:26:24Z;2018-04-13T02:53:17Z
com.futurice.android.reservator;2014-06-24T10:49:34Z;2018-04-20T13:16:20Z
br.usp.ime.retrobreaker;2014-05-19T18:51:38Z;2018-04-16T17:42:46Z
click.dummer.textthing;2016-07-01T20:53:49Z;2018-03-06T16:15:31Z
se.embargo.retroboy;2015-06-28T18:49:36Z;2018-03-24T02:17:44Z
org.retroshare.android.qml_app;2015-07-31T15:16:42Z;2018-04-23T20:54:25Z
io.mrarm.irc;2017-08-19T21:04:50Z;2018-04-22T15:07:31Z
com.mantz_it.rfanalyzer;2014-10-19T20:57:19Z;2018-04-21T23:30:50Z
com.fastebro.androidrgbtool;2014-06-08T10:52:38Z;2018-04-14T16:20:27Z
click.dummer.rickapp;2016-12-10T00:13:48Z;2018-04-01T00:25:26Z
fr.keuse.rightsalert;2012-04-26T22:02:14Z;2018-03-22T03:39:36Z
com.ringdroid;PAGE_INEXISTENT;PAGE_INEXISTENT
im.vector.alpha;2015-12-17T15:18:05Z;2018-04-24T07:53:09Z
info.guardianproject.ripple;2015-10-28T13:43:55Z;2018-04-19T02:47:28Z
fr.hnit.riverferry;2013-08-29T17:36:22Z;2016-06-06T17:29:55Z
se.norenh.rkfread;2014-03-30T15:22:33Z;2017-08-08T07:21:27Z
wseemann.media.romote;2016-06-27T04:02:34Z;2018-04-22T01:24:07Z
com.abcdjdj.rootverifier;2013-08-02T10:55:34Z;2018-02-12T01:29:48Z
org.penghuang.tools.rotationlock;2011-12-06T16:25:17Z;2018-04-09T20:43:12Z
com.ath0.rpn;2011-12-14T00:39:19Z;2018-03-23T23:50:10Z
org.scoutant.rpn;2017-06-19T07:56:49Z;2017-07-16T11:30:23Z
marto.rtl_tcp_andro;2013-01-09T21:41:19Z;2018-04-23T15:47:42Z
org.secuso.privacyfriendlyruler;2016-04-17T14:35:17Z;2018-04-16T04:10:21Z
org.disrupted.rumble;2015-08-24T11:21:57Z;2018-04-20T07:44:11Z
org.runnerup;PAGE_INEXISTENT;PAGE_INEXISTENT
cri.sanity;2011-01-03T22:50:43Z;2018-04-19T05:20:50Z
org.ligi.satoshiproof;2013-05-28T10:03:48Z;2018-01-22T21:55:17Z
com.vonglasow.michael.satstat;2013-09-02T20:28:42Z;2018-04-23T06:44:58Z
jonas.tool.saveForOffline;2015-01-25T12:13:35Z;2018-04-09T14:24:41Z
com.tttdevs.stncbookmarks;2017-04-05T15:40:32Z;2018-03-18T13:53:47Z
com.lukekorth.screennotifications;2012-09-07T03:21:44Z;2017-10-26T03:17:08Z
com.sagar.screenshift2;2015-06-12T05:25:13Z;2018-04-05T09:40:27Z
info.dvkr.screenstream;2016-07-18T08:07:33Z;2018-04-24T05:47:20Z
com.orpheusdroid.screenrecorder;2016-10-15T04:23:23Z;2018-04-22T14:56:31Z
com.jotabout.screeninfo;2011-01-09T00:48:23Z;2017-10-20T18:49:20Z
uk.co.keepawayfromfire.screens;2016-11-24T09:11:09Z;2017-10-14T11:39:43Z
com.tomer.screenshotsharer;2016-10-08T17:41:19Z;2018-03-18T13:11:16Z
eu.veldsoft.scribe4;2015-09-04T21:35:58Z;2017-08-02T15:22:28Z
io.github.powerinside.scrollsocket;2016-01-28T18:57:21Z;2017-10-09T07:04:49Z
ca.rmen.android.scrumchatter;2013-06-16T21:53:28Z;2018-04-01T14:19:16Z
com.gmail.jerickson314.sdscanner;2013-11-29T22:43:54Z;2018-03-17T05:12:42Z
com.seafile.seadroid2;2012-11-28T10:54:37Z;2018-04-17T15:20:33Z
com.quaap.fishberserker;2017-07-15T03:14:49Z;2017-11-12T05:35:27Z
com.twistedplane.sealnote;2015-02-02T23:48:51Z;2018-03-23T20:02:59Z
com.vackosar.searchbasedlauncher;PAGE_INEXISTENT;PAGE_INEXISTENT
fr.simon.marquis.secretcodes;2013-09-18T19:11:40Z;2018-04-22T14:19:19Z
de.t_dankworth.secscanqr;2017-08-16T10:36:39Z;2018-04-16T20:15:52Z
fr.seeks;2010-11-19T08:45:29Z;2013-10-19T18:39:00Z
com.mrbimc.selinux;2015-04-27T15:54:10Z;2018-04-23T20:46:28Z
mobi.omegacentauri.SendReduced;2015-03-13T02:30:06Z;2018-03-30T15:46:46Z
org.totschnig.sendwithftp;2012-05-06T22:44:22Z;2017-10-02T10:47:50Z
org.mcxa.vortaro;2017-07-04T01:42:27Z;2018-04-19T00:59:54Z
de.onyxbits.sensorreadout;2012-04-27T10:41:38Z;2018-04-20T12:10:06Z
com.mustafaali.sensorssandbox;2013-10-29T11:02:47Z;2018-03-08T23:08:24Z
org.sensors2.osc;2014-11-11T22:46:35Z;2018-04-15T09:04:14Z
org.sensors2.pd;2014-11-12T22:52:55Z;2018-03-18T12:53:06Z
org.servalproject;2011-01-30T22:09:11Z;2018-04-20T16:27:33Z
org.hwyl.sexytopo;2014-11-27T23:19:22Z;2018-04-02T17:16:14Z
net.mabako.steamgifts;2015-12-28T16:42:06Z;2018-04-13T14:19:04Z
me.sheimi.sgit;2013-08-26T15:23:45Z;2018-04-02T01:21:37Z
com.dimtion.shaarlier;2015-02-18T13:04:47Z;2018-04-02T17:02:42Z
de.markusfisch.android.shadereditor;2013-06-02T21:12:59Z;2018-04-24T11:33:12Z
net.sylvek.sharemyposition;2014-04-17T11:55:02Z;2016-07-29T21:43:32Z
com.tengu.sharetoclipboard;2015-01-12T15:20:54Z;2018-04-20T12:10:15Z
com.MarcosDiez.shareviahttp;2015-03-14T19:11:37Z;2018-04-22T05:53:24Z
aq.com.sharetobrowser;2016-10-31T19:55:21Z;2017-11-26T05:17:40Z
com.shatteredpixel.shatteredpixeldungeon;2014-07-31T21:56:31Z;2018-04-23T04:42:58Z
org.jsl.shmp;2016-10-09T16:20:05Z;2018-03-18T12:52:00Z
com.alaskalinuxuser.shipcaptainandcrew;2017-03-08T21:04:03Z;2018-03-18T15:16:21Z
org.opengemara.shiurim;PAGE_INEXISTENT;PAGE_INEXISTENT
name.soulayrol.rhaa.sholi;2013-12-07T14:42:18Z;2017-08-30T10:43:40Z
com.woefe.shoppinglist;2016-04-13T13:37:50Z;2018-04-19T17:31:40Z
privacyfriendlyshoppinglist.secuso.org.privacyfriendlyshoppinglist;2016-04-28T12:49:16Z;2018-04-13T05:52:41Z
org.shortcuts;2012-07-15T15:47:19Z;2017-03-17T17:49:21Z
org.billthefarmer.shorty;2015-04-19T17:13:10Z;2017-07-24T09:22:20Z
com.totsp.crossword.shortyz;2015-04-08T01:49:01Z;2018-02-06T18:19:36Z
com.showmehills;2012-04-21T10:13:25Z;2018-04-04T01:16:46Z
com.mgaetan89.showsrage;2015-06-25T20:25:06Z;2018-04-17T19:31:52Z
souch.smp;2015-01-01T12:39:53Z;2018-03-18T14:40:57Z
de.baumann.sieben;2016-02-21T18:39:07Z;2018-04-05T22:57:32Z
de.sigfood;2012-04-12T17:41:35Z;2016-10-10T20:45:10Z
org.billthefarmer.siggen;2013-06-01T19:05:45Z;2018-03-12T01:54:19Z
lanchon.sigspoof.checker;2016-10-11T22:07:39Z;2018-04-10T18:16:30Z
net.alaindonesia.silectric;2016-07-24T15:00:16Z;2018-04-04T04:11:05Z
org.smssecure.smssecure;2015-03-18T14:43:43Z;2018-04-24T08:13:38Z
com.launcher.silverfish;2016-07-29T09:26:56Z;2018-03-19T15:19:19Z
com.brentpanther.bitcoincashwidget;2013-03-24T21:17:09Z;2018-04-09T10:50:50Z
com.brentpanther.bitcoinwidget;2013-03-24T21:17:09Z;2018-04-09T10:50:50Z
de.tobiasbielefeld.brickgames;2016-11-14T11:12:07Z;2018-03-24T16:28:14Z
com.chessclock.android;2014-04-19T18:30:46Z;2017-10-29T18:01:03Z
com.mareksebera.simpledilbert;2013-03-25T21:21:19Z;2018-04-03T06:50:21Z
com.brentpanther.ethereumwidget;2013-03-24T21:17:09Z;2018-04-09T10:50:50Z
com.dnielfe.manager;2013-07-04T10:53:02Z;2018-04-02T01:19:47Z
tk.jordynsmediagroup.simpleirc.fdroid;2016-10-31T21:50:16Z;2018-03-09T02:00:16Z
com.adam.aslfms;2012-02-06T20:55:06Z;2018-04-19T13:06:45Z
com.brentpanther.litecoinwidget;2013-03-24T21:17:09Z;2018-04-09T10:50:50Z
com.toxtox.philosopherstonewidget;2018-02-03T14:24:08Z;2018-04-13T15:49:37Z
simple.reboot.com;2014-12-21T19:20:51Z;2018-04-20T01:47:29Z
tranquvis.simplesmsremote;2016-08-28T08:21:46Z;2018-04-14T13:53:18Z
de.tobiasbielefeld.solitaire;2016-10-27T16:51:18Z;2018-04-22T18:15:29Z
com.a5corp.weather;2016-06-26T14:05:58Z;2018-04-02T01:20:05Z
com.viper.simplert;2016-07-29T21:47:41Z;2018-04-17T03:35:12Z
de.simplestatswidget;2017-03-31T21:09:37Z;2018-03-18T13:43:07Z
nl.mpcjanssen.simpletask;2014-01-10T15:01:02Z;2018-04-20T20:55:29Z
com.aidinhut.simpletextcrypt;2015-12-04T15:37:34Z;2018-03-29T10:37:42Z
com.enrico.earthquake;2016-11-01T11:27:49Z;2017-12-22T21:03:40Z
org.whitequark.sipcaller;2016-02-06T21:28:07Z;2018-03-22T15:38:11Z
eu.siebeck.sipswitch;2012-06-11T12:03:42Z;2018-03-04T22:54:11Z
org.sipdroid.sipua;2015-07-24T11:14:25Z;2018-04-24T03:23:04Z
namlit.siteswapgenerator;2017-10-03T19:11:33Z;2018-04-18T08:50:21Z
com.google.android.stardroid;2015-06-09T18:40:09Z;2018-04-22T12:45:48Z
free.rm.skytube.oss;2015-11-20T11:48:20Z;2018-04-23T19:54:53Z
me.ccrama.redditslide;2015-10-01T23:21:26Z;2018-04-22T09:26:56Z
trikita.slide;2016-03-20T04:55:39Z;2018-04-24T08:45:52Z
de.mangelow.slideitloud;2012-07-22T17:48:29Z;2013-12-03T13:45:45Z
eu.flatworld.android.slider;2014-02-10T21:24:57Z;2017-07-06T00:17:15Z
link.standen.michael.slideshow;2017-01-31T08:28:32Z;2018-04-24T13:56:27Z
de.shandschuh.slightbackup;2011-06-18T09:52:09Z;2018-04-22T15:24:55Z
it.rignanese.leo.slimfacebook;2015-11-11T17:50:06Z;2018-04-22T13:19:14Z
it.rignanese.leo.slimtwitter;2015-12-11T20:41:39Z;2018-04-02T01:17:20Z
com.vsmartcard.acardemulator;2012-08-06T19:12:48Z;2018-04-23T13:06:51Z
com.vsmartcard.remotesmartcardreader.app;2012-08-06T19:12:48Z;2018-04-23T13:06:51Z
com.sensirion.smartgadget;2015-04-30T09:26:19Z;2018-02-26T08:34:52Z
wb.receiptspro;2011-11-01T00:32:39Z;2018-04-17T18:43:25Z
com.github.timnew.smartremotecontrol;2013-11-10T04:36:33Z;2018-04-09T07:12:17Z
de.bitsharesmunich.smartcoinswallet;2016-06-18T15:28:32Z;2018-04-14T03:58:03Z
com.ilm.sandwich;2014-11-16T15:22:22Z;2018-02-26T07:52:31Z
com.zegoggles.smssync;2010-01-05T13:49:00Z;2018-04-24T05:12:11Z
com.itds.sms.ping;2016-03-31T09:23:50Z;2018-04-22T16:23:53Z
com.github.yeriomin.smsscheduler;2016-01-08T15:31:43Z;2018-03-31T15:08:00Z
de.badaix.snapcast;2015-01-02T07:26:32Z;2018-04-24T11:54:40Z
ru.exlmoto.snood21;2016-08-03T07:45:27Z;2018-04-20T15:15:31Z
cz.eutopia.snooperstopper;2015-07-10T10:37:11Z;2018-03-23T11:39:40Z
info.aario.snotepad;2017-03-16T12:55:28Z;2018-03-18T13:37:17Z
com.mobilepearls.sokoban;2010-10-18T15:37:15Z;2018-04-16T10:35:37Z
com.agnibho.android.solarcompass;2016-01-28T19:44:19Z;2017-07-23T14:00:06Z
org.andglkmod.hunkypunk;2015-06-02T19:44:28Z;2018-03-20T17:58:57Z
com.danielkim.soundrecorder;2014-12-24T23:43:30Z;2018-04-24T08:21:54Z
de.meonwax.soundboard;2016-01-06T15:33:52Z;2018-02-02T19:16:08Z
org.bottiger.podcast;2012-07-18T06:45:31Z;2018-04-08T01:27:59Z
com.akop.bach;2013-06-21T06:05:47Z;2015-11-09T02:13:58Z
org.sparkleshare.android;2011-05-22T20:49:22Z;2017-09-15T20:13:17Z
net.etuldan.sparss.floss;2015-04-30T16:43:54Z;2018-04-18T05:43:57Z
mixedbit.speechtrainer;2011-11-07T12:16:59Z;2017-06-29T18:40:19Z
fly.speedmeter.grub;2014-03-07T18:27:55Z;2018-04-22T16:47:04Z
fm.a2d.sf;2014-11-28T11:11:11Z;2018-03-26T10:52:18Z
net.majorkernelpanic.spydroid;2013-01-25T04:48:30Z;2018-04-23T13:15:43Z
com.fr3ts0n.stagefever;2015-05-17T11:22:03Z;2018-03-20T22:56:22Z
fr.xgouchet.packageexplorer;2013-03-19T10:43:28Z;2018-04-15T21:23:26Z
org.sw24softwares.starkeverben;2017-09-18T10:43:47Z;2018-04-13T06:25:16Z
grmpl.mk.stepandheightcounter;2016-12-02T23:59:34Z;2016-12-11T20:26:53Z
com.github.premnirmal.tickerwidget;2014-12-22T22:19:41Z;2018-04-22T23:50:53Z
com.kodarkooperativet.notificationstopwatch;2013-09-02T08:54:43Z;2018-01-05T00:13:03Z
com.enrico.filemanager;2016-01-02T13:21:11Z;2018-01-15T12:45:43Z
de.westnordost.streetcomplete;2016-07-02T10:44:04Z;2018-04-24T02:28:31Z
io.github.lonamiwebs.stringlate;2016-11-26T19:03:30Z;2018-04-23T09:33:27Z
de.hfu.funfpunktnull;2014-07-17T09:32:53Z;2017-10-22T09:19:39Z
org.secuso.privacyfriendlysudoku;2015-11-06T13:14:43Z;2018-04-16T00:52:16Z
org.olpc_france.sugarizer;2013-11-13T15:53:42Z;2018-04-17T02:30:09Z
net.pejici.summation;2014-01-02T00:42:23Z;2017-06-29T18:40:12Z
com.forrestguice.suntimeswidget;2015-02-23T02:41:09Z;2018-04-24T04:12:22Z
info.staticfree.SuperGenPass;2013-09-24T13:46:41Z;2018-03-20T02:31:01Z
me.phh.superuser;2015-07-25T21:44:23Z;2018-04-24T07:03:35Z
com.twofours.surespot;2016-02-10T18:13:21Z;2016-07-21T15:59:15Z
org.ligi.survivalmanual;2016-09-16T18:47:11Z;2018-04-21T00:56:38Z
eu.veldsoft.svarka.odds.calculator;2015-01-19T12:10:38Z;2017-08-02T15:26:53Z
org.schabi.svgredirect;2016-03-14T14:00:16Z;2018-04-12T17:45:01Z
com.moonpi.swiftnotes;2014-08-23T19:54:23Z;2018-04-22T09:09:41Z
org.voidptr.swpieview;2017-10-22T18:18:56Z;2018-02-23T06:16:23Z
org.fitchfamily.android.symphony;2017-07-20T03:39:03Z;2018-03-31T15:03:29Z
org.t2.synconwifi;2017-04-07T11:30:57Z;2018-03-22T13:07:52Z
com.coste.syncorg;2016-02-19T13:04:08Z;2018-03-23T06:39:49Z
io.github.powerinside.syncplay;2017-05-07T11:26:39Z;2018-04-16T19:01:23Z
com.nutomic.syncthingandroid;2014-02-22T17:15:19Z;2018-04-22T00:14:35Z
net.syncthing.lite;2017-11-18T22:00:14Z;2018-04-23T06:46:30Z
de.mangelow.syncwifi;2012-10-23T16:33:27Z;2017-12-10T14:30:07Z
com.tortel.syslog;2012-10-31T14:43:45Z;2018-04-05T01:56:15Z
ohi.andre.consolelauncher;2016-05-11T20:50:11Z;2018-04-23T22:33:27Z
eu.kanade.tachiyomi;2015-10-07T09:51:12Z;2018-04-24T07:07:27Z
trikita.talalarmo;2016-03-22T03:07:35Z;2018-04-15T14:54:15Z
com.android.talkback;2015-09-24T14:12:33Z;2018-04-24T11:56:38Z
in.p1x.tanks_of_freedom;2015-01-20T17:50:38Z;2018-04-20T19:12:23Z
com.gabm.screenrotationcontrol;2016-10-31T20:05:43Z;2018-04-13T09:16:14Z
wsdfhjxc.taponium;2016-08-10T15:54:15Z;2018-04-11T22:37:29Z
com.farmerbb.taskbar;2016-08-05T00:41:01Z;2018-04-24T07:38:05Z
org.tasks;2013-07-18T19:44:38Z;2018-04-24T04:01:50Z
goo.TeaTimer;2009-07-29T23:12:37Z;2018-01-23T11:06:30Z
net.chilon.matt.teacup;2012-12-31T00:13:38Z;2017-11-23T04:26:30Z
telegra.ph;2016-11-23T21:16:53Z;2018-04-02T10:50:01Z
io.davidar.tensor;2015-11-02T09:46:53Z;2018-04-06T16:42:46Z
jackpal.androidterm;2010-09-04T13:48:00Z;2018-04-24T07:26:33Z
org.schabi.terminightor;2015-10-18T20:28:04Z;2018-04-19T13:26:38Z
com.termux;2015-10-23T09:42:46Z;2018-04-24T07:34:36Z
com.termux.boot;2016-12-29T00:03:51Z;2018-04-15T19:31:52Z
com.termux.window;2017-04-04T21:31:52Z;2018-04-15T05:53:19Z
com.termux.styling;2015-12-19T22:15:28Z;2018-04-23T13:01:05Z
com.termux.tasker;2016-11-20T14:58:58Z;2018-04-15T14:53:57Z
com.termux.widget;2015-12-19T22:01:00Z;2018-04-17T09:20:52Z
rino.org.tethercompanion;2015-11-21T21:06:17Z;2017-05-27T13:12:50Z
org.paulmach.textedit;2010-08-16T19:09:14Z;2018-03-09T17:47:49Z
com.simplemobiletools.thankyou;2016-12-09T18:16:00Z;2018-04-16T07:38:09Z
italian.said.fran.theitaliansaid;2017-07-09T15:20:19Z;2018-03-11T20:58:22Z
br.odb.knights;2015-05-17T15:43:33Z;2017-11-01T14:55:45Z
com.elementarytoday.theia;2015-07-10T21:34:42Z;2018-01-16T03:15:07Z
de.mangelow.throughput;2013-10-08T16:12:00Z;2017-12-17T16:44:13Z
info.meoblast001.thugaim;2013-11-10T05:25:24Z;2017-08-15T19:56:04Z
de.smasi.tickmate;2014-01-12T15:56:56Z;2018-03-26T06:53:15Z
org.tilelessmap.app;2016-11-12T20:27:27Z;2018-03-25T21:24:02Z
naman14.timber;2015-06-12T16:43:55Z;2018-04-24T13:33:45Z
com.thibaudperso.sonycamera;2013-12-22T07:28:31Z;2018-04-21T08:52:15Z
com.tastycactus.timesheet;2009-05-12T05:47:12Z;2017-12-11T21:57:11Z
com.luk.timetable2;2015-09-11T12:02:00Z;2017-09-01T21:27:25Z
com.xperia64.timidityae;2014-09-01T23:13:12Z;2018-04-18T19:17:32Z
org.pacien.tincapp;2017-04-27T10:13:46Z;2018-04-23T13:08:14Z
org.poirsouille.tinc_gui;2012-08-21T22:15:07Z;2018-03-26T16:19:33Z
com.danvelazco.fbwrapper;2011-10-25T03:42:11Z;2018-04-18T08:08:54Z
org.poopeeland.tinytinyfeed;2014-02-24T19:36:17Z;2017-07-15T10:44:24Z
org.fox.tttrss;PAGE_INEXISTENT;PAGE_INEXISTENT
com.rareventure.gps2;2015-09-01T08:41:20Z;2018-04-22T12:40:18Z
org.sorz.lab.tinykeepass;2017-07-06T16:22:56Z;2018-04-23T04:40:55Z
org.secuso.privacyfriendlytodolist;2016-04-28T12:48:31Z;2018-04-23T10:46:16Z
me.jakelane.wrapperforfacebook;2015-11-24T05:36:26Z;2018-03-23T08:50:45Z
de.k3b.android.toGoZip;2014-11-09T13:58:37Z;2018-02-28T10:57:18Z
com.bytestemplar.tonedef;2014-04-07T18:35:01Z;2018-04-04T17:36:16Z
ch.hgdev.toposuite;2014-04-16T09:55:38Z;2017-11-12T12:59:54Z
com.doomy.torch;2015-03-02T14:41:52Z;2018-03-07T18:40:46Z
in.blogspot.anselmbros.torchie;2016-01-31T13:43:07Z;2018-03-10T19:34:57Z
com.secuso.torchlight2;2015-09-28T09:12:10Z;2018-04-08T17:26:07Z
com.msapps.touchdetector;2017-01-12T08:51:38Z;2017-01-12T09:04:06Z
com.wmstein.tourcount;2016-06-10T22:11:02Z;2018-04-17T21:32:40Z
org.traccar.client;2012-07-29T15:43:50Z;2018-04-22T11:17:56Z
org.zephyrsoft.trackworktime;2014-01-11T20:25:27Z;2018-04-23T21:21:36Z
org.y20k.trackbook;2016-08-29T12:41:26Z;2018-04-24T13:12:04Z
ir.hsn6.trans;2017-09-04T10:23:20Z;2018-02-05T19:30:44Z
org.transdroid.full;2013-06-28T12:11:20Z;2018-04-23T02:04:08Z
org.transdroid.search;2013-06-22T11:26:42Z;2018-04-03T07:02:41Z
org.transdroid.lite;2013-06-28T12:11:20Z;2018-04-23T02:04:08Z
com.wmstein.transektcount;2016-03-25T01:10:57Z;2018-04-06T14:03:52Z
org.y20k.transistor;2015-10-01T11:55:36Z;2018-04-24T07:36:00Z
de.grobox.liberario;2013-09-06T10:00:57Z;2018-04-18T06:21:35Z
fr.ybo.transportsbordeaux;2010-12-17T18:37:22Z;2018-04-22T20:01:58Z
fr.ybo.transportsrennes;2010-12-17T18:37:22Z;2018-04-22T20:01:58Z
com.genonbeta.TrebleShot;2016-05-11T08:06:43Z;2018-04-23T15:16:07Z
org.equeim.tremotesf;2017-01-28T21:06:42Z;2018-04-23T17:26:13Z
io.trezor.app;2014-04-15T14:02:38Z;2018-04-19T05:48:22Z
io.github.whirish.tvbuses;2016-10-23T21:41:35Z;2018-03-11T20:31:43Z
de.koelle.christian.trickytripper;2012-01-13T18:03:45Z;2017-12-06T12:56:02Z
it.fabmazz.triestebus;2018-02-02T22:56:21Z;2018-03-05T22:11:26Z
com.zoffcc.applications.trifa;2017-04-28T14:23:44Z;2018-04-19T01:29:47Z
com.ebaschiera.triplecamel;2015-04-21T20:22:52Z;2017-12-22T23:25:47Z
me.tripsit.tripmobile;2014-11-16T16:13:19Z;2017-03-17T23:21:01Z
net.ddns.mlsoftlaberge.trycorder;2016-12-19T17:34:16Z;2018-04-06T10:32:33Z
org.ttrssreader;2015-03-13T06:25:03Z;2018-04-21T09:08:20Z
tuioDroid.impl;2015-05-03T12:46:28Z;2018-04-12T18:31:26Z
org.billthefarmer.tuner;2013-02-09T21:13:09Z;2018-04-19T07:15:57Z
ir.hsn6.turo;2018-01-04T16:28:44Z;2018-04-05T23:47:22Z
com.keylesspalace.tusky;2017-01-02T23:20:55Z;2018-04-24T12:02:42Z
eu.veldsoft.tuty.fruty.slot;2015-03-14T13:37:55Z;2018-01-22T08:35:25Z
org.tuxpaint;2015-08-27T23:17:22Z;2018-04-19T17:38:00Z
com.redirectapps.tvkill;2015-10-10T10:32:32Z;2018-04-21T00:42:24Z
org.tvheadend.tvhguide;2011-05-04T20:40:41Z;2017-12-07T00:52:01Z
org.mariotaku.twidere;2014-07-03T05:48:27Z;2018-04-24T02:35:49Z
click.dummer.UartSmartwatch;2016-09-10T14:51:26Z;2018-01-01T20:09:23Z
org.moire.ultrasonic;2017-02-07T08:07:35Z;2018-04-16T13:46:07Z
com.liveplayergames.finneypoker;2017-03-24T00:16:34Z;2018-04-04T15:29:17Z
org.microg.nlp;2014-03-05T20:26:21Z;2018-04-24T04:30:42Z
com.google.android.gms;2014-03-05T20:26:21Z;2018-04-24T04:30:42Z
com.google.android.location;2014-03-05T20:26:21Z;2018-04-24T04:30:42Z
org.emunix.unipatcher;2016-09-27T12:56:27Z;2018-04-16T20:29:21Z
com.physphil.android.unitconverterultimate;2014-06-06T20:27:50Z;2018-03-29T21:26:22Z
com.lucasdnd.unixtimeclockwidget;2014-04-11T00:47:03Z;2018-01-12T08:48:50Z
com.u17od.upm;2010-11-08T20:28:10Z;2018-03-13T05:18:14Z
net.daverix.urlforward;2016-08-13T12:48:50Z;2017-12-10T21:39:48Z
aws.apps.usbDeviceEnumerator;2011-10-27T18:06:16Z;2018-04-20T20:46:33Z
streetwalrus.usbmountr;2017-01-07T13:41:02Z;2018-04-05T07:47:45Z
com.kanedias.vanilla.coverfetch;2017-02-07T22:08:37Z;2018-02-28T18:10:31Z
com.kanedias.vanilla.lyrics;2016-09-26T21:52:29Z;2018-04-08T09:27:10Z
ch.blinkenlights.android.vanilla;2012-09-22T17:04:41Z;2018-04-24T07:26:36Z
com.kanedias.vanilla.audiotag;2016-09-24T15:38:12Z;2018-01-25T19:55:41Z
com.dozingcatsoftware.bouncy;2010-11-20T06:27:38Z;2018-04-07T23:45:46Z
ch.jiikuy.velocitycalculator;2017-05-18T17:09:09Z;2017-07-12T17:40:00Z
com.allansimon.verbisteandroid;2014-12-28T17:29:55Z;2017-03-24T18:49:32Z
de.blau.android;2015-03-21T07:25:43Z;2018-04-23T17:36:36Z
com.saladdressing.veterondo;2016-03-28T21:43:19Z;2017-09-04T17:25:25Z
de.vibora.viborafeed;2016-08-19T20:18:38Z;2018-03-04T21:42:57Z
protect.videoeditor;2018-01-01T19:33:50Z;2018-04-18T06:09:28Z
com.poupa.vinylmusicplayer;2017-12-27T15:32:23Z;2018-04-13T05:56:46Z
eu.veldsoft.vitoshadm;2015-06-28T11:20:09Z;2017-03-03T11:59:07Z
com.vlille.checker;2012-04-15T12:32:19Z;2017-12-12T14:31:02Z
vocabletrainer.heinecke.aron.vocabletrainer;2017-04-27T19:01:24Z;2018-04-02T00:33:45Z
de.ph1b.audiobook;2014-08-02T22:01:39Z;2018-04-23T07:22:41Z
com.pilot51.voicenotify;2012-10-14T10:39:31Z;2018-04-23T01:38:26Z
eu.siacs.conversations.voicerecorder;2015-06-29T13:47:58Z;2018-04-07T10:00:00Z
net.kourlas.voipms_sms;2014-09-20T04:01:10Z;2018-04-07T04:52:31Z
com.poinsart.votar;2014-01-08T09:06:27Z;2017-11-16T11:01:31Z
be.mygod.vpnhotspot;2018-01-03T07:38:11Z;2018-04-24T02:03:43Z
com.vuze.android.remote;2015-01-08T21:25:38Z;2018-04-13T07:52:59Z
com.dirkgassen.wator;2016-03-17T20:31:09Z;2017-09-08T15:26:48Z
net.mafro.android.wakeonlan;2010-11-08T18:22:12Z;2018-04-14T18:49:18Z
fr.gaulupeau.apps.InThePoche;2014-02-07T13:44:17Z;2018-04-21T15:09:33Z
org.walleth;2017-05-01T21:57:56Z;2018-04-24T03:26:06Z
me.shrimadhavuk.watransmitter;2015-02-17T05:13:53Z;2017-03-29T16:56:13Z
de.baumann.weather;2016-03-03T16:54:08Z;2018-03-04T22:28:43Z
org.secuso.privacyfriendlyweather;2016-05-03T21:46:43Z;2018-04-11T09:23:06Z
de.geeksfactory.opacclient;2012-06-17T21:32:08Z;2018-04-21T16:54:57Z
com.tobykurien.webapps;2013-08-22T12:37:46Z;2018-04-12T18:11:37Z
starcom.snd;PAGE_INEXISTENT;PAGE_INEXISTENT
cz.martykan.webtube;2015-12-31T15:05:47Z;2018-04-19T13:15:21Z
com.ubergeek42.WeechatAndroid;2012-02-26T22:50:59Z;2018-04-19T04:24:49Z
org.daylightingsociety.wherearetheeyes;2016-10-22T18:11:02Z;2018-04-22T02:55:36Z
menion.android.whereyougo;2014-08-25T18:41:18Z;2018-03-04T23:15:09Z
de.freewarepoint.whohasmystuff;2011-10-02T08:56:14Z;2018-01-24T15:33:33Z
be.uhasselt.privacypolice;2014-11-03T11:12:31Z;2018-04-13T20:54:10Z
ru.glesik.wifireminders;2013-05-19T13:47:14Z;2017-10-12T00:00:21Z
org.marcus905.wifi.ace;2015-03-13T08:13:57Z;2015-03-16T10:27:40Z
de.j4velin.wifiAutoOff;2013-11-19T23:07:21Z;2018-04-21T06:38:20Z
org.wahtod.wififixer;2010-05-06T04:47:03Z;2018-04-19T23:22:49Z
org.jsl.wfwt;2015-07-25T10:40:00Z;2018-04-23T11:13:24Z
com.vrem.wifianalyzer;2015-12-09T23:37:23Z;2018-04-24T04:18:30Z
com.volosyukivan;2015-03-05T02:16:40Z;2018-04-20T02:02:57Z
be.brunoparmentier.wifikeyshare;2016-01-14T19:59:58Z;2018-04-24T07:08:37Z
net.loeuillet.wifi_eap_sim_conf;2014-07-07T09:23:35Z;2017-04-20T17:43:33Z
net.wigle.wigleandroid;2012-09-16T18:50:59Z;2018-04-22T17:05:53Z
eu.wikijourney.wikijourney;2015-05-24T12:13:54Z;2018-03-26T19:48:51Z
com.wikijourney.wikijourney;2015-05-24T12:13:54Z;2018-03-26T19:48:51Z
org.wikipedia;2013-10-25T14:31:39Z;2018-04-24T04:32:50Z
fr.renzo.wikipoff;2014-01-16T09:34:04Z;2017-11-04T15:31:40Z
com.github.sryze.wirebug;2016-02-06T12:51:30Z;2018-04-18T06:02:52Z
wiseguys.radar;2013-01-22T03:05:19Z;2016-08-13T22:07:45Z
org.developfreedom.wordpowermadeeasy;2014-08-27T22:21:43Z;2017-02-12T21:32:06Z
com.github.yeriomin.workoutlog;2015-12-22T04:33:48Z;2017-03-28T07:28:47Z
ch.corten.aha.worldclock;2012-06-20T09:30:28Z;2018-03-28T19:01:48Z
com.haringeymobile.ukweather;2015-01-08T23:21:04Z;2018-04-01T08:06:34Z
com.litmus.worldscope;2015-08-28T12:20:34Z;2018-04-19T13:46:24Z
net.glsk.wpgen;2015-02-15T14:24:56Z;2018-04-17T18:21:44Z
au.com.darkside.XServer;2015-04-06T00:08:07Z;2018-01-11T23:53:37Z
com.xabber.androiddev;2013-01-29T12:16:51Z;2018-04-24T07:47:25Z
org.xbmc.android.remote;2011-07-18T19:36:39Z;2018-03-29T15:43:02Z
org.xcsoar;2009-10-18T14:15:39Z;2018-04-24T04:30:44Z
net.bytten.xkcdviewer;2010-01-11T21:54:40Z;2017-06-01T22:01:05Z
org.xposeddownloader;2016-06-14T01:18:57Z;2018-04-02T00:55:34Z
de.robv.android.xposed.installer;2012-04-02T20:33:05Z;2018-04-24T11:54:36Z
eu.faircode.xlua;2018-01-05T11:54:06Z;2018-04-24T08:28:53Z
de.xskat;PAGE_INEXISTENT;PAGE_INEXISTENT
org.yaaic;2009-05-28T18:17:52Z;2018-04-09T13:42:30Z
com.github.yeriomin.yalpstore;2016-12-11T16:57:14Z;2018-04-24T12:33:53Z
org.yaxim.androidclient;2009-12-10T15:42:33Z;2018-01-02T03:11:41Z
org.thosp.yourlocalweather;2018-01-06T17:02:28Z;2018-04-23T21:12:58Z
com.ghisguth.sun;2012-12-28T08:36:24Z;2018-04-07T23:43:41Z
com.yubico.yubiclip;2013-11-05T16:10:03Z;2017-09-15T19:08:57Z
com.yubico.yubioath;2013-09-03T10:51:39Z;2018-04-20T15:31:30Z
kaba.yucata.envoy;2017-08-24T23:00:38Z;2017-11-05T23:29:44Z
com.zoffcc.applications.zanavi;2015-02-01T19:58:08Z;2018-01-15T06:22:09Z
de.christinecoenen.code.zapp;2016-09-15T11:48:20Z;2018-04-20T15:00:42Z
com.app.Zensuren;2016-10-29T17:36:10Z;2018-03-30T15:47:36Z
org.mcxa.zephyrlogger;2017-02-14T16:51:41Z;2018-03-30T15:47:15Z
net.fabiszewski.ulogger;2017-03-16T10:48:15Z;2018-04-18T09:29:57Z
org.ligi.etheremote;2015-05-20T21:33:39Z;2016-09-19T21:30:31Z
ru.equestriadev.mgke;2016-06-13T12:18:09Z;2016-11-15T14:00:10Z
atitel.com.todoer;2016-12-19T12:14:43Z;2017-12-20T12:34:06Z
org.telegram.messenger;2014-02-20T10:53:44Z;2018-04-24T11:40:34Z
im.r_c.android.clearweather;2016-05-04T00:02:46Z;2018-01-01T10:56:15Z
